00d6a7d8 , 00f9d620
00d6a7dc , 00f9d7e8
00d6a7e0 , 00f9d830
00d6a7e4 , 00f9d890
00d6a7e8 , 00f9d904
00d6a7ec , 00f9db74
00d6a7f0 , 00f9dc10
00d6a7f4 , 00f9dce4
00d6a7f8 , 00f9dd0c
00d6a7fc , 00f9dd2c
00d6a800 , 00f9dd50
00d72b74 , 00faccc4
00d72b78 , 00facccc
00d72b7c , 00faccd0
00d72b80 , 00faccc8
00d72b84 , 00faccd8
00d72b88 , 00faccd4
00d72b8c , 00faccb4
00d72b90 , 00faccc0
00d72b94 , 00faccbc
00d72b98 , 00faccdc
00d72b9c , 00faccb8
00d72ba0 , 00faccb0
00d72ba4 , 00faccf0
00d72ba8 , 00facce8
00d72bac , 00faccec
00d72bb0 , 00faccfc
00d72bb4 , 00faccf4
00d72bb8 , 00faccf8
00d72bbc , 00facd08
00d72bc0 , 00facd00
00d72bc4 , 00facd04
00dcf560 , 00dd7b7c
00dcf564 , 00de2bd4
00dcf568 , 00dda9e4
00dcf56c , 00ddaaf4
00dcf570 , 00de24c8
00dcf574 , 00de1808
00dcf578 , 00de1188
00dcf57c , 00dd74d8
00dcf580 , 00de0d30
00dcf584 , 00de3088
00dcf588 , 00de32dc
00dcf58c , 00dd6ef4
00dcf590 , 00ddff9c
00dcf594 , 00ddf698
00dcf598 , 00ddf574
00dcf59c , 00ddeb90
00dcf5a0 , 00dde060
00dcf5a4 , 00ddd4b8
00dcf5a8 , 00ddca54
00dcf5ac , 00de354c
00dcf5b0 , 00de4134
00dcf5b4 , 00ddba9c
00dcf5b8 , 00ddb974
00dcf5bc , 00ddb694
00dcf5c0 , 00ddb530
00dcf5c4 , 00dda374
00dcf5c8 , 00dda1f4
00dcf5cc , 00dd9ca0
00dcf5d0 , 00dd9a08
00dcf5d4 , 00dd968c
00dcf5d8 , 00dd90fc
00dcf5dc , 00dd8d2c
00dcf5e0 , 00dd8aa0
00dcf5e4 , 00dd8744
00dcf5e8 , 00dd858c
00dcf5ec , 00dd8418
00dcf5f0 , 00ddc4b0
00dcf5f4 , 00ddc35c
00dcf5f8 , 00dd8168
00dcf5fc , 00dd7ea4
00dcf600 , 00dd7c18
00dcf604 , 00dd65c0
00dcf608 , 00dd6454
00ddc830 , 00ddba9c
00ddc834 , 00ddb974
00ddc838 , 00ddb694
00ddc83c , 00ddb530
00ddc840 , 00ddaaf4
00ddc844 , 00dda9e4
00ddc848 , 00dda374
00ddc84c , 00dda1f4
00ddc850 , 00dd9ca0
00ddc854 , 00dd9a08
00ddc858 , 00dd968c
00ddc85c , 00dd90fc
00ddc860 , 00dd8d2c
00ddc864 , 00dd8aa0
00ddc868 , 00dd88ac
00ddc86c , 00dd8744
00ddc870 , 00dd858c
00ddc874 , 00dd8418
00ddc878 , 00dd8168
00ddc87c , 00dd7ea4
00ddc880 , 00dd7c18
00ddc884 , 00dd7b7c
00ddc888 , 00dd74d8
00ddc88c , 00dd6ef4
00ddc890 , 00dd65c0
00ddc894 , 00dd6454
00de3cb8 , 00dd7b7c
00de3cbc , 00de2bd4
00de3cc0 , 00de24c8
00de3cc4 , 00de1808
00de3cc8 , 00de1188
00de3ccc , 00dd74d8
00de3cd0 , 00de0d30
00de3cd4 , 00dd6ef4
00de3cd8 , 00ddff9c
00de3cdc , 00ddf698
00de3ce0 , 00ddf574
00de3ce4 , 00ddeb90
00de3ce8 , 00dde060
00de3cec , 00ddd4b8
00de3cf0 , 00ddca54
00de3cf4 , 00ddba9c
00de3cf8 , 00ddb974
00de3cfc , 00ddb694
00de3d00 , 00ddb530
00de3d04 , 00dda9e4
00de3d08 , 00ddaaf4
00de3d0c , 00dda374
00de3d10 , 00dda1f4
00de3d14 , 00dd9ca0
00de3d18 , 00dd9a08
00de3d1c , 00dd968c
00de3d20 , 00dd90fc
00de3d24 , 00dd8d2c
00de3d28 , 00dd8aa0
00de3d2c , 00dd88ac
00de3d30 , 00dd8744
00de3d34 , 00dd858c
00de3d38 , 00dd8418
00de3d3c , 00ddc4b0
00de3d40 , 00ddc35c
00de3d44 , 00dd7c18
00de3d48 , 00dd8168
00de3d4c , 00dd7ea4
00de3d50 , 00dd65c0
00de3d54 , 00dd6454
00def780 , 00de47e4
00def784 , 00de4fdc
00def788 , 00de8738
00def78c , 00de9a9c
00def790 , 00d78b20
00def794 , 00d78d58
00def798 , 00dc741c
00def79c , 00dc7428
00def7a0 , 00def0ac
00def7a4 , 00def258
00def7a8 , 00def350
00e35e04 , 00fa2c14
00e35e08 , 00fa2cec
00e35e0c , 00fa364c
00e35e10 , 00fa3790
00e35e14 , 00fa3928
00e35e18 , 00fa3acc
00e35e1c , 00fa3c94
00e35e20 , 00fa3d84
00e35e24 , 00fa3f40
00e35e28 , 00fa42e8
00e35e2c , 00fa44c8
00e35e30 , 00fa2ba8
00e35e34 , 00fa2be4
00e35e38 , 00fa2c74
00e35e3c , 00fa2ca4
00e35e40 , 00fa2d1c
00e35e44 , 00fa2d70
00e35e48 , 00fa2dac
00e35e4c , 00fa2de8
00e35e50 , 00fa2e6c
00e35e54 , 00fa2efc
00e35e58 , 00fa2fbc
00e35e5c , 00fa3040
00e35e60 , 00fa30c4
00e35e64 , 00fa31c0
00e35e68 , 00fa322c
00e35e6c , 00fa3280
00e35e70 , 00fa3304
00e35e74 , 00fa33ac
00e35e78 , 00fa346c
00e35e7c , 00fa34b4
00e35e80 , 00fa34e4
00e35e84 , 00fa352c
00e35e88 , 00fa358c
00e35e8c , 00fa3604
00e35e90 , 00fa3688
00e35e94 , 00fa36b8
00e35e98 , 00fa3724
00e35e9c , 00fa38d4
00e35ea0 , 00fa3988
00e35ea4 , 00fa39dc
00e35ea8 , 00fa3a54
00e35eac , 00fa3b38
00e35eb0 , 00fa3bf8
00e35eb4 , 00fa3cb8
00e35eb8 , 00fa3ce8
00e35ebc , 00fa3d30
00e35ec0 , 00fa3dcc
00e35ec4 , 00fa3e2c
00e35ec8 , 00fa3fa0
00e35ecc , 00fa4078
00e35ed0 , 00fa41b0
00e35ed4 , 00fa439c
00e35ed8 , 00fa4450
00e95488 , 00f54920
00e9548c , 00f59bc8
00e95490 , 00f53864
00e95494 , 00f55720
00e95498 , 00f557f4
00e9549c , 00f5b620
00e954a0 , 00f5b6f4
00e954a4 , 00f5986c
00e954a8 , 00f74fd4
00e954ac , 00f751b4
00e954b0 , 00fa75ac
00eafd10 , 00f4c414
00eafd14 , 00f4c418
00eafd18 , 00f4c434
00eafd1c , 00f4c438
00eafd20 , 00f4c444
00eafd24 , 00f4c46c
00eafd28 , 00f4c488
00eafd2c , 00f4c494
00eafd30 , 00f4c4c0
00eafd34 , 00f4c500
00eafd38 , 00f4c550
00eafd3c , 00f4c590
00ed7ff4 , 00f58eac
00ed7ff8 , 00fa864c
00ed7ffc , 00fa8664
00ed8000 , 00fa8604
00ed8004 , 00fa860c
00ed8008 , 00fa8614
00ed800c , 00fa861c
00ed8010 , 00fa85ec
00ed8014 , 00fa85f0
00ed8018 , 00fa867c
00ed801c , 00fa8690
00ed8020 , 00fa8884
00ed8024 , 00fa88a8
00ed8028 , 00fa8c6c
00ed802c , 00fa8cb0
00ed8030 , 00fa8624
00ed8034 , 00fa862c
00ed8038 , 00fa85f4
00ed803c , 00fa85f8
00ed8040 , 00fa86a4
00ed8044 , 00fa86c8
00ed8048 , 00fa88cc
00ed804c , 00fa8910
00ed8050 , 00fa8cf4
00ed8054 , 00fa8d78
00ed8058 , 00fa8634
00ed805c , 00fa8640
00ed8060 , 00fa85fc
00ed8064 , 00fa8600
00ed8068 , 00fa86ec
00ed806c , 00fa8730
00ed8070 , 00fa8954
00ed8074 , 00fa89d8
00ed8078 , 00fa8dfc
00ed807c , 00fa8f00
00ed8080 , 00fa8774
00ed8084 , 00fa87fc
00ed8088 , 00fa8a5c
00ed808c , 00fa8b64
00ed8090 , 00fa9004
00ed8094 , 00fa920c
00ed8098 , 00fa9414
00ed809c , 00fa9424
00ed80a0 , 00fa9434
00ed80a4 , 00fa9444
00ed80a8 , 00fa9454
00ed80ac , 00fa9464
00ed80b0 , 00fa9474
00ed80b4 , 00fa9494
00ef07c4 , 00fa9a39
00ef07c8 , 00fa9a1b
00ef07cc , 00fa9a1e
00ef07d0 , 00fa9a21
00ef07d4 , 00fa9a24
00ef07d8 , 00fa9a27
00ef07dc , 00fa9a2a
00ef07e0 , 00fa9a85
00ef07e4 , 00fa9a7d
00ef07e8 , 00fa9d85
00ef07ec , 00fa9da3
00ef07f0 , 00fa9dbc
00ef07f4 , 00fa9dd4
00ef0d80 , 00fa9cdf
00ef0d84 , 00fa9cec
00ef0d88 , 00fa9cfe
00ef0d8c , 00fa9d11
00ef0d90 , 00fa9d24
00ef0d94 , 00fa9d38
00ef0d98 , 00fa9a6d
00ef0d9c , 00fa9a65
00ef0da0 , 00fa9a18
00ef0da4 , 00fa9d4d
00ef0da8 , 00fa9a50
00ef0dac , 00fa9d5a
00ef0db0 , 00fa9d63
00ef0db4 , 00fa9d6d
00ef0db8 , 00fa9a57
00ef0dbc , 00fa9a75
00ef0dc0 , 00fa9d78
00ef0dc4 , 00fa9a3e
00ef9730 , 00dcf140
00ef9734 , 00dcf1a0
00ef9738 , 00dcf1d0
00ef973c , 00dcede0
00ef9740 , 00dcedb0
00ef9744 , 00dcf200
00ef9748 , 00dcf230
00ef974c , 00dcf260
00ef9750 , 00dcf290
00ef9754 , 00dcee10
00ef9758 , 00dcee40
00ef975c , 00dcee70
00ef9760 , 00dcef90
00ef9764 , 00dceed0
00ef9768 , 00d44f8c
00ef976c , 00d458f0
00ef9774 , 00dcf170
00ef9778 , 00dcf2c0
00ef977c , 00dcf2f0
00ef9780 , 00dcf320
00ef9784 , 00dcf350
00ef9788 , 00dcf380
00ef978c , 00dcf3b0
00ef9790 , 00dcf3e0
00ef9794 , 00dcf440
00ef9798 , 00dcf4d0
00ef979c , 00dcf470
00ef97a0 , 00dcf4a0
00ef9800 , 00d5cb68
00ef9804 , 00d46470
00ef9808 , 00d5d844
00ef980c , 00d4d694
00ef9810 , 00d5f5fc
00ef9814 , 00d516f0
00ef9818 , 00d4ce4c
00ef981c , 00d4dd90
00ef9820 , 00d4e2b8
00ef9824 , 00d51f38
00ef9828 , 00d5aa20
00ef982c , 00d5b2f0
00ef9830 , 00d5e280
00ef9834 , 00d5bef0
00ef9838 , 00d4beec
00ef983c , 00d4c864
00ef9840 , 00d47c20
00ef9844 , 00d47d1c
00ef9848 , 00d47e10
00ef984c , 00d47f0c
00ef9850 , 00d4e6c0
00ef9854 , 00d51c7c
00ef9858 , 00d581cc
00ef985c , 00d51220
00ef9860 , 00d58974
00ef9864 , 00d50984
00ef9868 , 00d5ddc4
00ef986c , 00d4d584
00ef9870 , 00d50c48
00ef9874 , 00d5e88c
00ef9878 , 00d57cfc
00ef987c , 00d5d910
00ef9880 , 00d5bab8
00ef9884 , 00d5cdac
00ef9888 , 00d5b04c
00ef988c , 00d584ac
00ef9890 , 00d5cb5c
00ef9894 , 00d61548
00ef9898 , 00d578b0
00ef989c , 00d5d9d4
00ef98a0 , 00d5bb78
00ef98a4 , 00d4d2c8
00ef98a8 , 00d524f4
00ef98ac , 00d52380
00ef98b0 , 00f2fc58
00ef9904 , 00f2f0b8
00ef9908 , 00f2f160
00ef990c , 00f2ed04
00ef9910 , 00f2edac
00ef9914 , 00f2e348
00ef9918 , 00f2e3f4
00ef991c , 00f2e764
00ef9920 , 00f2e810
00ef9924 , 00f2f2ac
00ef9928 , 00dcefc0
00ef992c , 00dceff0
00ef9930 , 00f30588
00ef9934 , 00f30380
00ef9938 , 00f2f970
00ef993c , 00f2f3d8
00ef9940 , 00f2f208
00ef9944 , 00f2ee54
00ef9948 , 00f2e4a0
00ef994c , 00f2e8bc
00ef9950 , 00f30060
00ef9954 , 00f2f504
00ef9958 , 00f2f6ac
00ef995c , 00f2fec0
00ef9960 , 00f2f600
00ef9964 , 00f2ffc0
00ef9968 , 00f2fd3c
00ef996c , 00f2fc64
00ef9970 , 00f2f898
00efa13c , 00f302b0
00efa140 , 00f30330
00efa144 , 00f30788
00efa148 , 00f307e4
00efa14c , 00f3088c
00efa150 , 00f2fe14
00efa154 , 00d463e8
00efa158 , 00d46010
00efa15c , 00d46124
00efa160 , 00d44e94
00efa164 , 00dcf020
00efa168 , 00dcf050
00efa16c , 00dcf080
00efa170 , 00dcf0b0
00efa174 , 00dcf500
00efa178 , 00dcf530
00efa17c , 00d44ce0
00efa1b4 , 00f42e34
00efa1b8 , 00f42f10
00efa1bc , 00f43194
00efa1c0 , 00f43078
00efa1c4 , 00f432fc
00efa1c8 , 00f431f0
00efa1cc , 00f433cc
00efa1d0 , 00f434e4
00efa1d4 , 00dcf0e0
00efa1d8 , 00dcf110
00efa1dc , 00d029c8
00efa1e0 , 00e29f0c
00efa1e4 , 00d00768
00efa1e8 , 00d461a0
00efa1ec , 00d462c4
00efa1f0 , 00f437e4
00efa1f4 , 00d48450
00efa1f8 , 00d4e97c
00efa1fc , 00d52fa0
00efa200 , 00dcf410
00efa204 , 00dcef00
00efa208 , 00dcef30
00efc234 , 00f597cc
00efc238 , 00f597a4
00efc23c , 00f5977c
00efc240 , 00f5981c
00efc244 , 00f5b8e4
00efc248 , 00f5b8bc
00efc24c , 00f597f4
00efc250 , 00f59844
00efc254 , 00f5b934
00efc258 , 00f5b90c
00efc25c , 00f5b894
00fa1a78 , 00e04a7c
00fa1a7c , 00e045b8
00fa1a80 , 00e04b64
00fa1a84 , 00e03a90
00fa1a88 , 00e04b6c
00fa1a8c , 00e03d98
00fa1a90 , 00e04b6c
00fa1a94 , 00e03d98
00fa1a98 , 00e04ec8
00fa1a9c , 00e04674
00fa1aa0 , 00e04ec8
00fa1aa4 , 00e04674
00fa1aa8 , 00e0507c
00fa1aac , 00e04a78
00fa1ab0 , 00e04ed0
00fa1ab4 , 00e04828
00fa1ab8 , 00e04ec8
00fa1abc , 00e04674
00fa1ac0 , 00e05078
00fa1ac4 , 00e04a74
00fa86f0 , 00ff00ff
00fa86f4 , 00ff00ff
00fa86f8 , 00ff00ff
00fa86fc , 00ff00ff
00fa8700 , 00ff00ff
00fa8704 , 00ff00ff
00fa8708 , 00ff00ff
00fa870c , 00ff00ff
00fa8710 , 00ff00ff
00fa8714 , 00ff00ff
00fa8718 , 00ff00ff
00fa871c , 00ff00ff
00fa8720 , 00ff00ff
00fa8724 , 00ff00ff
00fa8728 , 00ff00ff
00fa872c , 00ff00ff
00fa877c , 00ff00ff
00fa8780 , 00ff00ff
00fa8784 , 00ff00ff
00fa8788 , 00ff00ff
00fa878c , 00ff00ff
00fa8790 , 00ff00ff
00fa8794 , 00ff00ff
00fa8798 , 00ff00ff
00fa879c , 00ff00ff
00fa87a0 , 00ff00ff
00fa87a4 , 00ff00ff
00fa87a8 , 00ff00ff
00fa87ac , 00ff00ff
00fa87b0 , 00ff00ff
00fa87b4 , 00ff00ff
00fa87b8 , 00ff00ff
00fa87bc , 00ff00ff
00fa87c0 , 00ff00ff
00fa87c4 , 00ff00ff
00fa87c8 , 00ff00ff
00fa87cc , 00ff00ff
00fa87d0 , 00ff00ff
00fa87d4 , 00ff00ff
00fa87d8 , 00ff00ff
00fa87dc , 00ff00ff
00fa87e0 , 00ff00ff
00fa87e4 , 00ff00ff
00fa87e8 , 00ff00ff
00fa87ec , 00ff00ff
00fa87f0 , 00ff00ff
00fa87f4 , 00ff00ff
00fa87f8 , 00ff00ff
00face34 , 00f4ca84
00face38 , 00f4ca8c
00face3c , 00f4ca94
00face40 , 00f4ca9c
00face44 , 00f4caa4
00face48 , 00f4caac
00face4c , 00f4cab4
00face50 , 00f4cabc
00face54 , 00f4cac4
00face58 , 00f4cacc
00face5c , 00f4cad4
00face60 , 00f4cadc
00face64 , 00f4cae4
00face68 , 00f4caec
00face6c , 00f4caf4
00face70 , 00f4cafc
00face74 , 00f4cb04
00face78 , 00f4cb0c
00face7c , 00f4cb14
00face80 , 00f4cb1c
00face84 , 00f4cb24
00face88 , 00f4cb2c
00face8c , 00f4cb34
00face90 , 00f4cb3c
00face94 , 00f4cb44
00face98 , 00f4cb4c
00face9c , 00f4cb54
00facea0 , 00f4cb5c
00facea4 , 00f4cb64
00facea8 , 00f4cb6c
00faceac , 00f4cb74
00faceb0 , 00f4cb7c
00faceb4 , 00f4cb84
00faceb8 , 00f4cb8c
00facebc , 00f4cb94
00facec0 , 00f4cb9c
00facec4 , 00f4cba4
00facec8 , 00f4cbac
00facecc , 00f4cbb4
00faced0 , 00f4cbbc
00faced4 , 00f4cbc4
00faced8 , 00f4cbcc
00facedc , 00f4cbd4
00facee0 , 00f4cbdc
00facee4 , 00f4cbe4
00facee8 , 00f4cbec
00faceec , 00f4cbf4
00facef0 , 00f4cbfc
00facef4 , 00f4cc04
00facef8 , 00f4cc0c
00facefc , 00f4cc14
00facf00 , 00f4cc1c
00facf04 , 00f4cc24
00facf08 , 00f4cc2c
00facf0c , 00f4cc34
00facf10 , 00f4cc3c
00facf14 , 00f4cc44
00facf18 , 00f4cc4c
00facf1c , 00f4cc54
00facf20 , 00f4cc5c
00facf24 , 00f4cc64
00facf28 , 00f4cc6c
00facf2c , 00f4cc74
00facf30 , 00f4cc7c
00facf34 , 00f4cc84
00facf38 , 00f4cc8c
00facf3c , 00f4cc94
00facf40 , 00f4cc9c
00facf44 , 00f4cca4
00facf48 , 00f4ccac
00facf4c , 00f4ccb4
00facf50 , 00f4ccbc
00facf54 , 00f4ccc4
00facf58 , 00f4cccc
00facf5c , 00f4ccd4
00facf60 , 00f4ccdc
00facf64 , 00f4cce4
00facf68 , 00f4ccec
00facf6c , 00f4ccf4
