00d03c90 , 00f5edf8>fffe5ef0
00d03c94 , 00f5b774>fffe9574
00d03c98 , 00f59ae8>ffda9fac


00d03eb8 , 00f5ed54>000195fc
00d03ebc , 00f59bc8>fffeb120
00d03ec0 , 00f53864>ffff1484
00d03ec4 , 00f55720>fff63a7c
00d03ec8 , 00f5b620>fff5db7c
00d03ecc , 00f5c860>0001baf0


00d09670 , 00fac294>2e5c2e2e
00d09674 , 00fac344>2e5c2e2e
00d09678 , 00d05318>2e5c2e2e


00d0ae24 , 00f5ee08>fffe5ee0
00d0ae28 , 00f5b774>fffe9574
00d0ae2c , 00f5b9dc>ffdaf24c


00d0b738 , 00f5ecb0>00019684
00d0b73c , 00f59bc8>fffeb120
00d0b740 , 00f53864>ffff1484
00d0b744 , 00f55720>fff63a7c
00d0b748 , 00f5b620>fff5db7c
00d0b74c , 00f5d090>0001b2a4


00d1da70 , 00facc20>2e5c2e2e
00d1da74 , 00d1d298>e92d4070
00d1da78 , 00f7f384>00d35290


00d221c8 , 00f7f3cc>00d35290
00d221cc , 00d212a0>e3520001
00d221d0 , 00facc20>2e5c2e2e
00d221d4 , 00f54c54>ffdc9ad0


00d2eae8 , 00f7f81c>00d35290
00d2eaec , 00f7f834>00d35290
00d2eaf0 , 00fac9cc>2e5c2e2e


00d2ef5c , 00f7f9f4>00d35290
00d2ef60 , 00f7f844>00d35e40
00d2ef64 , 00f7fa14>00d35290


00d3b1a0 , 00d3ac40>e92d4070
00d3b1a4 , 00f7fd28>00d35290
00d3b1a8 , 00d3a2f8>2e5c2e2e


00d3d8e4 , 00f9b10c>00d35290
00d3d8e8 , 00d3ce00>2e5c2e2e
00d3d8ec , 00f5e83c>ffddcd30


00d433fc , 00d436b0>e3a01f8c
00d43400 , 00d436a4>e3a01f91
00d43404 , 00d434e8>e92d40f8


00d436c8 , 00f4ca78>e3a01050
00d436cc , 00d43408>e92d40f8
00d436d0 , 00f9b788>2e5c2e2e


00d43988 , 00d00010>00d00000
00d4398c , 00d00014>002c0000
00d43990 , 00f72e9c>e1a0c00d


00d45854 , 00f7f4f4>00d35290
00d45858 , 00fa4a9c>00d35290
00d4585c , 00fa4b08>00d35290
00d45860 , 00f7f534>00d35290


00d458b0 , 00fa5c94>00d35290
00d458b4 , 00fa5b94>00d35290
00d458b8 , 00fa0f84>00d35290
00d458bc , 00fa0abc>00d35290


00d45e68 , 00fa27dc>00d35e40
00d45e6c , 00f7f5b4>00d35e40
00d45e70 , 00f7f270>00d35290


00d67f38 , 00faccb8>00058188
00d67f3c , 00faccd8>00034510
00d67f40 , 00faccd4>00023c78
00d67f44 , 00faccc8>00023bcc
00d67f48 , 00facccc>000000ac


00d69038 , 00d67fc4>52524f43
00d6903c , 00d67f78>52524f43
00d69040 , 00d67fe4>52455355
00d69044 , 00d67f84>52455355


00d69be4 , 00d68fac>6d783f3c
00d69be8 , 00d68fd8>6e6f433c
00d69bec , 00d68ffc>20202020
00d69bf0 , 00d6900c>6578455c


00d6a7d8 , 00f9d620>00f9d754
00d6a7dc , 00f9d7e8>00f9d820
00d6a7e0 , 00f9d830>00f9d884
00d6a7e4 , 00f9d890>00f9d8e4
00d6a7e8 , 00f9d904>00f9da70
00d6a7ec , 00f9db74>00f9dbe0
00d6a7f0 , 00f9dc10>00f9dc98
00d6a7f4 , 00f9dce4>00f9dcfc
00d6a7f8 , 00f9dd0c>00f9dd24
00d6a7fc , 00f9dd2c>00f9dd44
00d6a800 , 00f9dd50>00f9ddd4


00d6db24 , 00f9df98>00d35290
00d6db28 , 00f9dff0>00d35290
00d6db2c , 00f9df40>00d35e40


00d71fac , 00d00004>00621314
00d71fb0 , 00d00005>78006213
00d71fb4 , 00d00006>56780062


00d72b74 , 00faccc4>00023bcc
00d72b78 , 00facccc>000000ac
00d72b7c , 00faccd0>00023c78
00d72b80 , 00faccc8>00023bcc
00d72b84 , 00faccd8>00034510
00d72b88 , 00faccd4>00023c78
00d72b8c , 00faccb4>00056948
00d72b90 , 00faccc0>0002238c
00d72b94 , 00faccbc>00001840
00d72b98 , 00faccdc>00058188
00d72b9c , 00faccb8>00058188
00d72ba0 , 00faccb0>00001840
00d72ba4 , 00faccf0>00000020
00d72ba8 , 00facce8>00face14
00d72bac , 00faccec>00000000
00d72bb0 , 00faccfc>0000031c
00d72bb4 , 00faccf4>00face34
00d72bb8 , 00faccf8>00000400
00d72bbc , 00facd08>000000fc
00d72bc0 , 00facd00>00facd18
00d72bc4 , 00facd04>00facd18


00d72be8 , 00d00010>00d00000
00d72bec , 00d00014>002c0000
00d72bf0 , 00f7ee8c>00000000


00dc7580 , 00dc6784>2e5c2e2e
00dc7584 , 00dc741c>e1a00001
00dc7588 , 00dc7428>e1a00001


00dc9118 , 00dc93f0>e3a00025
00dc911c , 00dc9408>e3a0c001
00dc9120 , 00dc9294>e2811dc0
00dc9124 , 00dc9354>e92d4070


00dc912c , 00dc9204>e92d4010
00dc9130 , 00dc9244>e92d4070
00dc9134 , 00dc6be0>e92d4bf0
00dc9138 , 00dc7308>e92d43f0
00dc913c , 00dc67a8>e92d4bf0
00dc9140 , 00dc6b48>e3a000f6


00dcf560 , 00dd7b7c>e92d4030
00dcf564 , 00de2bd4>e92d4030
00dcf568 , 00dda9e4>e92d43f8
00dcf56c , 00ddaaf4>e92d4bf0
00dcf570 , 00de24c8>e92d4bf0
00dcf574 , 00de1808>e92d4bf0
00dcf578 , 00de1188>e92d4bf0
00dcf57c , 00dd74d8>e92d4bf0
00dcf580 , 00de0d30>e92d4bf0
00dcf584 , 00de3088>e92d4bf0
00dcf588 , 00de32dc>e92d4bf0
00dcf58c , 00dd6ef4>e92d4bf0
00dcf590 , 00ddff9c>e92d4bf0
00dcf594 , 00ddf698>e92d4bf0
00dcf598 , 00ddf574>e92d4bf0
00dcf59c , 00ddeb90>e92d4bf0
00dcf5a0 , 00dde060>e92d4bf0
00dcf5a4 , 00ddd4b8>e92d4bf0
00dcf5a8 , 00ddca54>e92d4bf0
00dcf5ac , 00de354c>e92d4bf1
00dcf5b0 , 00de4134>e92d4bf0
00dcf5b4 , 00ddba9c>e92d4bf0
00dcf5b8 , 00ddb974>e92d43f8
00dcf5bc , 00ddb694>e92d4bf0
00dcf5c0 , 00ddb530>e92d43f8
00dcf5c4 , 00dda374>e92d4bf0
00dcf5c8 , 00dda1f4>e92d4bf0
00dcf5cc , 00dd9ca0>e92d4bf0
00dcf5d0 , 00dd9a08>e92d4bf0
00dcf5d4 , 00dd968c>e92d4bf0
00dcf5d8 , 00dd90fc>e92d4bf0
00dcf5dc , 00dd8d2c>e92d4bf0
00dcf5e0 , 00dd8aa0>e92d4bf0
00dcf5e4 , 00dd8744>e92d43f8
00dcf5e8 , 00dd858c>e92d4bf0
00dcf5ec , 00dd8418>e92d43f8
00dcf5f0 , 00ddc4b0>e92d4bf0
00dcf5f4 , 00ddc35c>e92d41f0
00dcf5f8 , 00dd8168>e92d4bf0
00dcf5fc , 00dd7ea4>e92d4bf0
00dcf600 , 00dd7c18>e92d4bf0
00dcf604 , 00dd65c0>e92d4bf0
00dcf608 , 00dd6454>e92d4bf0


00ddc830 , 00ddba9c>e92d4bf0
00ddc834 , 00ddb974>e92d43f8
00ddc838 , 00ddb694>e92d4bf0
00ddc83c , 00ddb530>e92d43f8
00ddc840 , 00ddaaf4>e92d4bf0
00ddc844 , 00dda9e4>e92d43f8
00ddc848 , 00dda374>e92d4bf0
00ddc84c , 00dda1f4>e92d4bf0
00ddc850 , 00dd9ca0>e92d4bf0
00ddc854 , 00dd9a08>e92d4bf0
00ddc858 , 00dd968c>e92d4bf0
00ddc85c , 00dd90fc>e92d4bf0
00ddc860 , 00dd8d2c>e92d4bf0
00ddc864 , 00dd8aa0>e92d4bf0
00ddc868 , 00dd88ac>e92d43f8
00ddc86c , 00dd8744>e92d43f8
00ddc870 , 00dd858c>e92d4bf0
00ddc874 , 00dd8418>e92d43f8
00ddc878 , 00dd8168>e92d4bf0
00ddc87c , 00dd7ea4>e92d4bf0
00ddc880 , 00dd7c18>e92d4bf0
00ddc884 , 00dd7b7c>e92d4030
00ddc888 , 00dd74d8>e92d4bf0
00ddc88c , 00dd6ef4>e92d4bf0
00ddc890 , 00dd65c0>e92d4bf0
00ddc894 , 00dd6454>e92d4bf0


00de3cb8 , 00dd7b7c>e92d4030
00de3cbc , 00de2bd4>e92d4030
00de3cc0 , 00de24c8>e92d4bf0
00de3cc4 , 00de1808>e92d4bf0
00de3cc8 , 00de1188>e92d4bf0
00de3ccc , 00dd74d8>e92d4bf0
00de3cd0 , 00de0d30>e92d4bf0
00de3cd4 , 00dd6ef4>e92d4bf0
00de3cd8 , 00ddff9c>e92d4bf0
00de3cdc , 00ddf698>e92d4bf0
00de3ce0 , 00ddf574>e92d4bf0
00de3ce4 , 00ddeb90>e92d4bf0
00de3ce8 , 00dde060>e92d4bf0
00de3cec , 00ddd4b8>e92d4bf0
00de3cf0 , 00ddca54>e92d4bf0
00de3cf4 , 00ddba9c>e92d4bf0
00de3cf8 , 00ddb974>e92d43f8
00de3cfc , 00ddb694>e92d4bf0
00de3d00 , 00ddb530>e92d43f8
00de3d04 , 00dda9e4>e92d43f8
00de3d08 , 00ddaaf4>e92d4bf0
00de3d0c , 00dda374>e92d4bf0
00de3d10 , 00dda1f4>e92d4bf0
00de3d14 , 00dd9ca0>e92d4bf0
00de3d18 , 00dd9a08>e92d4bf0
00de3d1c , 00dd968c>e92d4bf0
00de3d20 , 00dd90fc>e92d4bf0
00de3d24 , 00dd8d2c>e92d4bf0
00de3d28 , 00dd8aa0>e92d4bf0
00de3d2c , 00dd88ac>e92d43f8
00de3d30 , 00dd8744>e92d43f8
00de3d34 , 00dd858c>e92d4bf0
00de3d38 , 00dd8418>e92d43f8
00de3d3c , 00ddc4b0>e92d4bf0
00de3d40 , 00ddc35c>e92d41f0
00de3d44 , 00dd7c18>e92d4bf0
00de3d48 , 00dd8168>e92d4bf0
00de3d4c , 00dd7ea4>e92d4bf0
00de3d50 , 00dd65c0>e92d4bf0
00de3d54 , 00dd6454>e92d4bf0


00dedfb4 , 00de8738>e92d4bf0
00dedfb8 , 00de9a9c>e92d4bf0
00dedfbc , 00de98a4>2e5c2e2e
00dedfc0 , 00ded2e0>e52de004
00dedfc4 , 00ded380>e5901000


00deedc8 , 00ded4b8>e5d21002
00deedcc , 00de80e4>e92d4070
00deedd0 , 00de832c>e92d4bf0
00deedd4 , 00ded110>e5d20002
00deedd8 , 00ded128>e92d41f0
00deeddc , 00de7f4c>e92d4030
00deede0 , 00de8048>e92d4010


00def780 , 00de47e4>e92d40f0
00def784 , 00de4fdc>e92d4bff
00def788 , 00de8738>e92d4bf0
00def78c , 00de9a9c>e92d4bf0
00def790 , 00d78b20>e92d4bf0
00def794 , 00d78d58>e92d4070
00def798 , 00dc741c>e1a00001
00def79c , 00dc7428>e1a00001
00def7a0 , 00def0ac>e3a00001
00def7a4 , 00def258>e3a00003
00def7a8 , 00def350>e3a00002


00df16a4 , 00def708>e92d4038
00df16a8 , 00df1298>e3a00006
00df16ac , 00df1420>e3a00007


00df3234 , 00df1c54>e92d40f0
00df3238 , 00df1a5c>e52de004
00df323c , 00df1c3c>e3a0000c


00df3eb0 , 00df1e00>2e5c2e2e
00df3eb4 , 00df36e0>e92d4070
00df3eb8 , 00df3658>e24dd014
00df3ebc , 00df3594>e92d4070
00df3ec0 , 00df3494>e52de004
00df3ec4 , 00df357c>e3a0000e


00df4c1c , 00df3ec8>e3a00ff5
00df4c20 , 00df3da8>e5d20000
00df4c24 , 00df413c>e3a0000f
00df4c28 , 00df42c0>e3a00010
00df4c2c , 00df44c4>e3a00011
00df4c30 , 00def258>e3a00003


00df5f30 , 00dc67a8>e92d4bf0
00df5f34 , 00dc6b48>e3a000f6
00df5f38 , 00dc6be0>e92d4bf0
00df5f3c , 00dc7308>e92d43f0


00e03a7c , 00e02564>e92d4bf0
00e03a80 , 00e03174>e92d4010
00e03a84 , 00e034a4>e92d4010


00e274c0 , 00d71fcc>e92d4008
00e274c4 , 00f4e64c>ef000500
00e274c8 , 00f4e4e8>e59f1164


00e321a8 , 00e3077c>20646c4f
00e321ac , 00e3186c>0000202c
00e321b0 , 00e3078c>2077654e


00e35e04 , 00fa2c14>00000054
00e35e08 , 00fa2cec>00000008
00e35e0c , 00fa364c>00000003
00e35e10 , 00fa3790>00000003
00e35e14 , 00fa3928>00000003
00e35e18 , 00fa3acc>00000003
00e35e1c , 00fa3c94>0000000e
00e35e20 , 00fa3d84>00000003
00e35e24 , 00fa3f40>00000003
00e35e28 , 00fa42e8>00000003
00e35e2c , 00fa44c8>00000003
00e35e30 , 00fa2ba8>0000000e
00e35e34 , 00fa2be4>00000001
00e35e38 , 00fa2c74>0000000e
00e35e3c , 00fa2ca4>00000003
00e35e40 , 00fa2d1c>00000003
00e35e44 , 00fa2d70>00000003
00e35e48 , 00fa2dac>0000004b
00e35e4c , 00fa2de8>00000003
00e35e50 , 00fa2e6c>00000008
00e35e54 , 00fa2efc>00000003
00e35e58 , 00fa2fbc>00000003
00e35e5c , 00fa3040>00000003
00e35e60 , 00fa30c4>00000003
00e35e64 , 00fa31c0>00000003
00e35e68 , 00fa322c>00000003
00e35e6c , 00fa3280>00000003
00e35e70 , 00fa3304>00000008
00e35e74 , 00fa33ac>00000003
00e35e78 , 00fa346c>00000003
00e35e7c , 00fa34b4>00000003
00e35e80 , 00fa34e4>00000003
00e35e84 , 00fa352c>00000003
00e35e88 , 00fa358c>00000003
00e35e8c , 00fa3604>00000003
00e35e90 , 00fa3688>00000003
00e35e94 , 00fa36b8>00000003
00e35e98 , 00fa3724>00000003
00e35e9c , 00fa38d4>0000000e
00e35ea0 , 00fa3988>00000003
00e35ea4 , 00fa39dc>00000003
00e35ea8 , 00fa3a54>00000003
00e35eac , 00fa3b38>00000003
00e35eb0 , 00fa3bf8>00000003
00e35eb4 , 00fa3cb8>00000003
00e35eb8 , 00fa3ce8>00000003
00e35ebc , 00fa3d30>00000003
00e35ec0 , 00fa3dcc>00000003
00e35ec4 , 00fa3e2c>00000003
00e35ec8 , 00fa3fa0>00000003
00e35ecc , 00fa4078>00000003
00e35ed0 , 00fa41b0>00000003
00e35ed4 , 00fa439c>00000003
00e35ed8 , 00fa4450>00000003


00e364c4 , 00faca94>2e5c2e2e
00e364c8 , 00fa8118>0000000c
00e364cc , 00fa80b8>00d35290


00e3e170 , 00e3db7c>523c0909
00e3e174 , 00e3db5c>523c0909
00e3e178 , 00e3db28>483c0909
00e3e17c , 00e3db0c>483c0909
00e3e180 , 00e3dad8>533c0909
00e3e184 , 00e3dabc>533c0909
00e3e188 , 00e3da84>413c0909
00e3e18c , 00e3da64>413c0909
00e3e190 , 00e3da40>462f3c09


00e46ddc , 00e40ab8>2e5c2e2e
00e46de0 , 00f54d10>fffeffd8
00e46de4 , 00fa4a7c>0007a120
00e46de8 , 00fa4520>00000001


00e53adc , 00fa4bf0>0000001d
00e53ae0 , 00fa4b08>00d35290
00e53ae4 , 00e52f68>2e5c2e2e
00e53ae8 , 00fac8f8>2e5c2e2e


00e6569c , 00f7df40>e92d4008
00e656a0 , 00fac81c>2e5c2e2e
00e656a4 , 00f7df70>e3510000


00e67404 , 00f539f0>fff133bc
00e67408 , 00f538e8>fff134c4
00e6740c , 00f5514c>fff11c60
00e67410 , 00f55698>fff11714
00e67414 , 00f54558>fff12854
00e67418 , 00f53a74>fff13338
00e6741c , 00f5331c>fff13a90
00e67420 , 00f5660c>fff107a0
00e67424 , 00f5396c>fff13440


00e70e04 , 00e6ede4>2e5c2e2e
00e70e08 , 00fa5b04>006c2100
00e70e0c , 00fa5b07>00000100


00e7ec3c , 00fac6bc>2e5c2e2e
00e7ec40 , 00fac5e0>2e5c2e2e
00e7ec44 , 00e7e388>2e5c2e2e


00e7ff0c , 00e7fb94>e92d4010
00e7ff10 , 00e7fa7c>e92d4010
00e7ff14 , 00e7f954>e92d4010
00e7ff18 , 00e7f750>e92d4010
00e7ff1c , 00e7f5c4>e92d4010


00e85704 , 00fa6064>00d35290
00e85708 , 00e84808>e92d4bf0
00e8570c , 00fa614c>00d35290


00e8bd58 , 00e8ad8c>e92d40f8
00e8bd5c , 00fac468>00000000
00e8bd60 , 00fa7274>00d35290


00e8e374 , 00fac930>2e5c2e2e
00e8e378 , 00facb14>2e5c2e2e
00e8e37c , 00faca38>2e5c2e2e
00e8e380 , 00fac8dc>2e5c2e2e


00e90064 , 00e8f75c>e92d40f0
00e90068 , 00fac930>2e5c2e2e
00e9006c , 00e8fa78>e92d40f0


00e9159c , 00f07938>e92d40f0
00e915a0 , 00f559b0>fff3c030
00e915a4 , 00f55990>0001ed4c


00e92394 , 00fac978>2e5c2e2e
00e92398 , 00fac5fc>2e5c2e2e
00e9239c , 00fa746c>00d35290
00e923a0 , 00fac8dc>2e5c2e2e
00e923a4 , 00faca38>2e5c2e2e
00e923a8 , 00facb14>2e5c2e2e
00e923ac , 00fac880>2e5c2e2e
00e923b0 , 00fac9b0>2e5c2e2e


00e93acc , 00facad4>2e5c2e2e
00e93ad0 , 00fabf40>2e5c2e2e
00e93ad4 , 00fa7594>00d35e40


00e95488 , 00f54920>ffff03c8
00e9548c , 00f59bc8>fffeb120
00e95490 , 00f53864>ffff1484
00e95494 , 00f55720>fff63a7c
00e95498 , 00f557f4>fffef4f4
00e9549c , 00f5b620>fff5db7c
00e954a0 , 00f5b6f4>00000040
00e954a4 , 00f5986c>fff402bc
00e954a8 , 00f74fd4>e92d4008
00e954ac , 00f751b4>e92d4008
00e954b0 , 00fa75ac>00d35290


00e9a0d0 , 00e992bc>e92d40f0
00e9a0d4 , 00e98d94>e92d40f0
00e9a0d8 , 00fac748>2e5c2e2e
00e9a0dc , 00fac278>2e5c2e2e
00e9a0e0 , 00fac328>2e5c2e2e


00ea18c8 , 00fa782c>00d35290
00ea18cc , 00fac994>2e5c2e2e
00ea18d0 , 00ea0fe4>2e5c2e2e


00ea2a40 , 00facb5c>2e5c2e2e
00ea2a44 , 00facbd8>2e5c2e2e
00ea2a48 , 00fac9cc>2e5c2e2e


00ea4f30 , 00f54ae0>ffff0208
00ea4f34 , 00f5edf8>fffe5ef0
00ea4f38 , 00f5b774>fffe9574
00ea4f3c , 00f59ae8>ffda9fac
00ea4f40 , 00f5ee08>fffe5ee0
00ea4f44 , 00f5b9dc>ffdaf24c
00ea4f48 , 00ea48cc>e92d40f0


00ea5e7c , 00fa7914>00d35290
00ea5e80 , 00fa7844>00d35e40
00ea5e84 , 00fac458>00000000


00ea8140 , 00ea77a8>e92d40f0
00ea8144 , 00fac468>00000000
00ea8148 , 00ea7e00>e92d40f0


00ea8548 , 00ea8228>e92d40f0
00ea854c , 00f58108>fff50510
00ea8550 , 00f5b774>fffe9574
00ea8554 , 00f55a0c>fff3ed30


00eaa3d0 , 00fa7c94>00d35290
00eaa3d4 , 00fa7bc4>00d35e40
00eaa3d8 , 00fac458>00000000


00eab298 , 00eaa970>e92d40f0
00eab29c , 00facaf0>2e5c2e2e
00eab2a0 , 00eaabd8>e92d40f0
00eab2a4 , 00eab030>e92d40f0


00eae0c4 , 00fa7d64>00d35e40
00eae0c8 , 00fa7e5c>00d35290
00eae0cc , 00fa7f54>00d35290


00eafd10 , 00f4c414>e91baff0
00eafd14 , 00f4c418>e92d4001
00eafd18 , 00f4c434>e1a0f00e
00eafd1c , 00f4c438>e92d4001
00eafd20 , 00f4c444>e92d4001
00eafd24 , 00f4c46c>e92d401f
00eafd28 , 00f4c488>e59f02e8
00eafd2c , 00f4c494>e92d401f
00eafd30 , 00f4c4c0>e92d407f
00eafd34 , 00f4c500>e92d407f
00eafd38 , 00f4c550>e92d407f
00eafd3c , 00f4c590>e92d401f


00eb112c , 00eb05c8>2e5c2e2e
00eb1130 , 00eb08d8>e92d40f8
00eb1134 , 00eae91c>e3510001


00eb277c , 00fac9f0>2e5c2e2e
00eb2780 , 00f5cb38>fffe81b0
00eb2784 , 00f5e400>fffe68e8
00eb2788 , 00f5e4e4>fffe6804
00eb278c , 00f5de4c>fffe6e9c
00eb2790 , 00f5e818>fffe64d0
00eb2794 , 00f5497c>fff5e300


00eb3928 , 00f54920>ffff03c8
00eb392c , 00f53884>ffff1464
00eb3930 , 00f54614>ffff06d4
00eb3934 , 00f5c510>fffe87d8
00eb3938 , 00f5e3b4>fffe6934
00eb393c , 00f56748>fff61310
00eb3940 , 00f53448>ffff18a0


00eb7250 , 00eb688c>e92d4038
00eb7254 , 00fa7fb8>00d35290
00eb7258 , 00eb3944>2e5c2e2e


00eb938c , 00f5ce80>fffb7e1c
00eb9390 , 00f53430>ffff18b8
00eb9394 , 00f59bc8>fffeb120


00eba834 , 00f5e834>fffe64b4
00eba838 , 00f5e4e4>fffe6804
00eba83c , 00f5571c>fffef5cc
00eba840 , 00f56bfc>fff64880


00ebe8c0 , 00f59674>fff64808
00ebe8c4 , 00fa811c>00d35290
00ebe8c8 , 00fa813c>00000004


00ec5e4c , 00ec54a0>e92d4bf7
00ec5e50 , 00ec5838>e92d4010
00ec5e54 , 00ec59a4>e92d4070
00ec5e58 , 00ec528c>e92d41f0
00ec5e5c , 00ec5a14>e92d4010
00ec5e60 , 00ec5a68>e92d43f8
00ec5e64 , 00ec5b6c>e92d41f0
00ec5e68 , 00ec5c50>e92d43f8
00ec5e6c , 00ec5280>e3a02b40
00ec5e70 , 00ec4ff8>e92d4bf0


00ece644 , 00fa83dc>00000001
00ece648 , 00fa83e0>00000001
00ece64c , 00fa83e4>00000000
00ece650 , 00fac800>2e5c2e2e


00ed1fb8 , 00ed1438>2e5c2e2e
00ed1fbc , 00fa8408>ffffffff
00ed1fc0 , 00fa840c>00000002
00ed1fc4 , 00fa83f0>ffffffff
00ed1fc8 , 00fa83f4>ffffffff
00ed1fcc , 00fa83f8>ffffffff
00ed1fd0 , 00fa83fc>0000ffff
00ed1fd4 , 00fa8400>ffffffff
00ed1fd8 , 00fa8404>00000002


00ed2700 , 00f59c48>ffef9d94
00ed2704 , 00fa8420>00000001
00ed2708 , 00fa8418>00000000
00ed270c , 00fa8410>ffffffff


00ed30d8 , 00fa8430>ffffffff
00ed30dc , 00fa84bc>ffffffff
00ed30e0 , 00fa8428>ffffffff
00ed30e4 , 00fa842c>ffffffff
00ed30e8 , 00f59f58>ffef9a84


00ed4fe8 , 00f5a618>ffef93c4
00ed4fec , 00fa854c>0000ffff
00ed4ff0 , 00fa8548>0000ffff


00ed52d4 , 00f58558>ffefb484
00ed52d8 , 00fa8558>00000000
00ed52dc , 00fa8580>00000000
00ed52e0 , 00fa8550>ffffffff
00ed52e4 , 00fa8554>00000008


00ed69ac , 00f5771c>ffefc2c0
00ed69b0 , 00fa85b0>ffffffff
00ed69b4 , 00fa85b4>0000ffff
00ed69b8 , 00fa85b8>ffffffff
00ed69bc , 00fa85bc>ffffffff


00ed7ff4 , 00f58eac>ffefab30
00ed7ff8 , 00fa864c>ffffffff
00ed7ffc , 00fa8664>ffffffff
00ed8000 , 00fa8604>ffffffff
00ed8004 , 00fa860c>ffffffff
00ed8008 , 00fa8614>000000ff
00ed800c , 00fa861c>ffffffff
00ed8010 , 00fa85ec>000000ff
00ed8014 , 00fa85f0>ffffffff
00ed8018 , 00fa867c>000000ff
00ed801c , 00fa8690>000000ff
00ed8020 , 00fa8884>000000ff
00ed8024 , 00fa88a8>000000ff
00ed8028 , 00fa8c6c>000000ff
00ed802c , 00fa8cb0>ffffffff
00ed8030 , 00fa8624>0000ffff
00ed8034 , 00fa862c>0000ffff
00ed8038 , 00fa85f4>0000ffff
00ed803c , 00fa85f8>ffffffff
00ed8040 , 00fa86a4>0000ffff
00ed8044 , 00fa86c8>0000ffff
00ed8048 , 00fa88cc>0000ffff
00ed804c , 00fa8910>ffffffff
00ed8050 , 00fa8cf4>0000ffff
00ed8054 , 00fa8d78>ffffffff
00ed8058 , 00fa8634>ffffffff
00ed805c , 00fa8640>ffffffff
00ed8060 , 00fa85fc>ffffffff
00ed8064 , 00fa8600>ffffffff
00ed8068 , 00fa86ec>ffffffff
00ed806c , 00fa8730>ffffffff
00ed8070 , 00fa8954>ffffffff
00ed8074 , 00fa89d8>ffffffff
00ed8078 , 00fa8dfc>ffffffff
00ed807c , 00fa8f00>ffffffff
00ed8080 , 00fa8774>ffffffff
00ed8084 , 00fa87fc>ffffffff
00ed8088 , 00fa8a5c>ffffffff
00ed808c , 00fa8b64>ffffffff
00ed8090 , 00fa9004>ffffffff
00ed8094 , 00fa920c>ffffffff
00ed8098 , 00fa9414>000000ff
00ed809c , 00fa9424>ffffffff
00ed80a0 , 00fa9434>0000ffff
00ed80a4 , 00fa9444>ffffffff
00ed80a8 , 00fa9454>ffffffff
00ed80ac , 00fa9464>ffffffff
00ed80b0 , 00fa9474>ffffffff
00ed80b4 , 00fa9494>ffffffff


00eda6f4 , 00f5e0a4>ffef5938
00eda6f8 , 00f55324>fffef9c4
00eda6fc , 00f5d368>fff7d398


00edc354 , 00fac4a8>2e5c2e2e
00edc358 , 00f5533c>ffefe6a0
00edc35c , 00edbb2c>2e5c2e2e


00edee90 , 00ede1e8>e92d4008
00edee94 , 00ede1b8>e92d4008
00edee98 , 00ede188>e92d4008
00edee9c , 00ede158>e92d4008
00edeea0 , 00ede128>e92d4008


00ee10d0 , 00faca78>2e5c2e2e
00ee10d4 , 00fa94bc>00d35290
00ee10d8 , 00f59520>fff870ec
00ee10dc , 00fac6f4>2e5c2e2e


00ee8898 , 00f5522c>00020088
00ee889c , 00f551ec>00020068
00ee88a0 , 00f7500c>e92d4008
00ee88a4 , 00f55814>0001fae4


00eefa90 , 00f53b40>ffff11a8
00eefa94 , 00f53b38>ffff11b0
00eefa98 , 00f569c0>0001d8b4
00eefa9c , 00fa9a90>00fa9b30


00ef01f4 , 00fa9e34>00fa9e84
00ef01f8 , 00fa9ee4>00fa9f2c
00ef01fc , 00fa9fbc>00faa034
00ef0200 , 00faa0ec>00faa124
00ef0204 , 00faa164>00faa1e4
00ef0208 , 00faa2b0>00faa318
00ef020c , 00faa3cc>00faa3fc
00ef0210 , 00faa440>00faa478
00ef0214 , 00eef844>2e5c2e2e


00ef07c4 , 00fa9a39>74696e49
00ef07c8 , 00fa9a1b>4d00314d
00ef07cc , 00fa9a1e>4d00324d
00ef07d0 , 00fa9a21>5300334d
00ef07d4 , 00fa9a24>50003153
00ef07d8 , 00fa9a27>50003150
00ef07dc , 00fa9a2a>47003250
00ef07e0 , 00fa9a85>646e6550
00ef07e4 , 00fa9a7d>74206f4e
00ef07e8 , 00fa9d85>61666544
00ef07ec , 00fa9da3>61666544
00ef07f0 , 00fa9dbc>74736542
00ef07f4 , 00fa9dd4>74736542


00ef0d80 , 00fa9cdf>74696e49
00ef0d84 , 00fa9cec>696c6143
00ef0d88 , 00fa9cfe>636e7953
00ef0d8c , 00fa9d11>696c6143
00ef0d90 , 00fa9d24>636e7953
00ef0d94 , 00fa9d38>636e7953
00ef0d98 , 00fa9a6d>6c756146
00ef0d9c , 00fa9a65>6e6b6e55
00ef0da0 , 00fa9a18>4d00414e
00ef0da4 , 00fa9d4d>74696e49
00ef0da8 , 00fa9a50>6c756146
00ef0dac , 00fa9d5a>61736944
00ef0db0 , 00fa9d63>7473694c
00ef0db4 , 00fa9d6d>2d657250
00ef0db8 , 00fa9a57>7473614d
00ef0dbc , 00fa9a75>73736150
00ef0dc0 , 00fa9d78>61636e55
00ef0dc4 , 00fa9a3e>76616c53


00ef188c , 00fa9a4a>6568744f
00ef1890 , 00fa9a5e>6d6f7441
00ef1894 , 00fa9a2d>00535047
00ef1898 , 00fa9a44>69646152
00ef189c , 00fa9a31>00505450
00ef18a0 , 00fa9a35>0050544e
00ef18a4 , 00fa9def>646e6148
00ef18a8 , 00fa9df8>6963734f
00ef18ac , 00ef07f8>78323025


00ef1e3c , 00ef0830>696c6c25
00ef1e40 , 00fa9c21>6e203532
00ef1e44 , 00fa9e03>006e614a


00ef303c , 00facab0>2e5c2e2e
00ef3040 , 00f558c0>fff9d3b0
00ef3044 , 00ef27e0>2e5c2e2e


00ef8470 , 00faa506>00000000
00ef8474 , 00faa51c>00000000
00ef8478 , 00faa532>00490000
00ef847c , 00faa548>00010000
00ef8480 , 00faa55e>00000000
00ef8484 , 00faa574>02bc0000
00ef8488 , 00faa58a>00c80000
00ef848c , 00faa4f0>005c0000
00ef8490 , 00faa4c4>008e0000
00ef8494 , 00faa4da>00b10000


00ef9674 , 00f2da2c>e92d40f0
00ef9678 , 00f2dc74>e92d40f0
00ef967c , 00f2df98>e92d4030
00ef9680 , 00f2e29c>e92d4030
00ef9684 , 00f2e6b8>e92d4030
00ef9688 , 00f2e964>e92d43f8
00ef968c , 00f2ea8c>e92d4038
00ef9690 , 00f2dd60>e92d4070


00ef96bc , 00f3057c>e1a0f00e
00ef96c0 , 00f2ec5c>e92d4070
00ef96c4 , 00f2f010>e92d4070


00ef9730 , 00dcf140>e92d4038
00ef9734 , 00dcf1a0>e92d4038
00ef9738 , 00dcf1d0>e92d4038
00ef973c , 00dcede0>e92d4038
00ef9740 , 00dcedb0>e92d4038
00ef9744 , 00dcf200>e92d4038
00ef9748 , 00dcf230>e92d4038
00ef974c , 00dcf260>e92d4038
00ef9750 , 00dcf290>e92d4038
00ef9754 , 00dcee10>e92d4038
00ef9758 , 00dcee40>e92d4038
00ef975c , 00dcee70>e92d4038
00ef9760 , 00dcef90>e92d4038
00ef9764 , 00dceed0>e92d4038
00ef9768 , 00d44f8c>e92d4bf0
00ef976c , 00d458f0>e92d4bf0


00ef9774 , 00dcf170>e92d4038
00ef9778 , 00dcf2c0>e92d4038
00ef977c , 00dcf2f0>e92d4038
00ef9780 , 00dcf320>e92d4038
00ef9784 , 00dcf350>e92d4038
00ef9788 , 00dcf380>e92d4038
00ef978c , 00dcf3b0>e92d4038
00ef9790 , 00dcf3e0>e92d4038
00ef9794 , 00dcf440>e92d4038
00ef9798 , 00dcf4d0>e92d4038
00ef979c , 00dcf470>e92d4038
00ef97a0 , 00dcf4a0>e92d4038


00ef97e0 , 00dced50>e92d4038
00ef97e4 , 00dcef60>e92d4038
00ef97e8 , 00dceea0>e92d4038


00ef9800 , 00d5cb68>e92d41f0
00ef9804 , 00d46470>e92d41f0
00ef9808 , 00d5d844>e92d4070
00ef980c , 00d4d694>e92d4bf0
00ef9810 , 00d5f5fc>e92d4bf0
00ef9814 , 00d516f0>e92d4bf0
00ef9818 , 00d4ce4c>e92d4bf0
00ef981c , 00d4dd90>e92d4bf0
00ef9820 , 00d4e2b8>e92d4070
00ef9824 , 00d51f38>e92d4bf1
00ef9828 , 00d5aa20>e92d43f0
00ef982c , 00d5b2f0>e92d43f0
00ef9830 , 00d5e280>e92d41f0
00ef9834 , 00d5bef0>e92d4bf0
00ef9838 , 00d4beec>e92d4bf0
00ef983c , 00d4c864>e92d4bf0
00ef9840 , 00d47c20>e92d4038
00ef9844 , 00d47d1c>e92d4038
00ef9848 , 00d47e10>e92d4038
00ef984c , 00d47f0c>e92d4038
00ef9850 , 00d4e6c0>e92d4bf0
00ef9854 , 00d51c7c>e92d4bf0
00ef9858 , 00d581cc>e92d4bf0
00ef985c , 00d51220>e92d4bf0
00ef9860 , 00d58974>e92d40f0
00ef9864 , 00d50984>e92d41f0
00ef9868 , 00d5ddc4>e92d41f0
00ef986c , 00d4d584>e92d4070
00ef9870 , 00d50c48>e92d4070
00ef9874 , 00d5e88c>e92d4070
00ef9878 , 00d57cfc>e92d40f0
00ef987c , 00d5d910>e92d4038
00ef9880 , 00d5bab8>e92d4038
00ef9884 , 00d5cdac>e92d4bf0
00ef9888 , 00d5b04c>e92d4bf0
00ef988c , 00d584ac>e1a0f00e
00ef9890 , 00d5cb5c>e1a0f00e
00ef9894 , 00d61548>e92d40f0
00ef9898 , 00d578b0>e92d4bf1
00ef989c , 00d5d9d4>e92d4030
00ef98a0 , 00d5bb78>e92d43f0
00ef98a4 , 00d4d2c8>e92d41f0
00ef98a8 , 00d524f4>e92d4070
00ef98ac , 00d52380>e92d40f0
00ef98b0 , 00f2fc58>e1a0f00e


00ef98e4 , 00d5eef8>e92d4030
00ef98e8 , 00d5f1d0>e92d4030
00ef98ec , 00d5f408>e92d4070
00ef98f0 , 00d4b9a8>e92d41f0
00ef98f4 , 00d585a0>e92d40f8
00ef98f8 , 00d584b8>e92d40f8


00ef9904 , 00f2f0b8>e92d4070
00ef9908 , 00f2f160>e92d4070
00ef990c , 00f2ed04>e92d4070
00ef9910 , 00f2edac>e92d4070
00ef9914 , 00f2e348>e92d4030
00ef9918 , 00f2e3f4>e92d4030
00ef991c , 00f2e764>e92d4030
00ef9920 , 00f2e810>e92d4030
00ef9924 , 00f2f2ac>e92d4bf0
00ef9928 , 00dcefc0>e92d4038
00ef992c , 00dceff0>e92d4038
00ef9930 , 00f30588>e92d4bf0
00ef9934 , 00f30380>e92d4bf0
00ef9938 , 00f2f970>e92d4bf0
00ef993c , 00f2f3d8>e92d4bf0
00ef9940 , 00f2f208>e92d4070
00ef9944 , 00f2ee54>e92d4070
00ef9948 , 00f2e4a0>e92d4030
00ef994c , 00f2e8bc>e92d4030
00ef9950 , 00f30060>e92d40f0
00ef9954 , 00f2f504>e92d4bf0
00ef9958 , 00f2f6ac>e92d41f0
00ef995c , 00f2fec0>e92d4bf0
00ef9960 , 00f2f600>e92d4010
00ef9964 , 00f2ffc0>e92d4010
00ef9968 , 00f2fd3c>e92d43f8
00ef996c , 00f2fc64>e92d43f8
00ef9970 , 00f2f898>e92d43f8


00efa13c , 00f302b0>e5902004
00efa140 , 00f30330>e590100c
00efa144 , 00f30788>e1a01000
00efa148 , 00f307e4>e8900006
00efa14c , 00f3088c>e92d40f8
00efa150 , 00f2fe14>e92d40f8
00efa154 , 00d463e8>e8900006
00efa158 , 00d46010>e92d43f0
00efa15c , 00d46124>e92d4038
00efa160 , 00d44e94>e92d4010
00efa164 , 00dcf020>e92d4038
00efa168 , 00dcf050>e92d4038
00efa16c , 00dcf080>e92d4038
00efa170 , 00dcf0b0>e92d4038
00efa174 , 00dcf500>e92d4038
00efa178 , 00dcf530>e92d4038
00efa17c , 00d44ce0>e92d41f0


00efa184 , 00dced80>e92d4038
00efa188 , 00d45f20>e52de004
00efa18c , 00f437b4>e3a01000


00efa1b4 , 00f42e34>e92d4038
00efa1b8 , 00f42f10>e92d4010
00efa1bc , 00f43194>e92d4010
00efa1c0 , 00f43078>e92d4010
00efa1c4 , 00f432fc>e92d4010
00efa1c8 , 00f431f0>e52de004
00efa1cc , 00f433cc>e92d4010
00efa1d0 , 00f434e4>e1a02000
00efa1d4 , 00dcf0e0>e92d4038
00efa1d8 , 00dcf110>e92d4038
00efa1dc , 00d029c8>e92d4bf0
00efa1e0 , 00e29f0c>e92d40f0
00efa1e4 , 00d00768>e92d4bf0
00efa1e8 , 00d461a0>e92d4bf0
00efa1ec , 00d462c4>e92d4bf0
00efa1f0 , 00f437e4>e3a01001
00efa1f4 , 00d48450>e92d4bf0
00efa1f8 , 00d4e97c>e92d4bf0
00efa1fc , 00d52fa0>e92d4bf0
00efa200 , 00dcf410>e92d4038
00efa204 , 00dcef00>e92d4038
00efa208 , 00dcef30>e92d4038


00efc234 , 00f597cc>fffa4988
00efc238 , 00f597a4>fffa49b0
00efc23c , 00f5977c>fffa49d8
00efc240 , 00f5981c>fffa4938
00efc244 , 00f5b8e4>fffa2870
00efc248 , 00f5b8bc>fffa2898
00efc24c , 00f597f4>fffa4960
00efc250 , 00f59844>fffa5698
00efc254 , 00f5b934>fffa3728
00efc258 , 00f5b90c>fffa38c8
00efc25c , 00f5b894>fffa3b10


00efce6c , 00efc4e8>e92d40f0
00efce70 , 00efcab0>e92d40f0
00efce74 , 00efccec>e92d40f0


00efdcb4 , 00f56b30>fffa71a0
00efdcb8 , 00f56b08>fffa7644
00efdcbc , 00efb738>2e5c2e2e


00efe66c , 00faca38>2e5c2e2e
00efe670 , 00fac6d8>2e5c2e2e
00efe674 , 00faa73c>00d35290


00effe58 , 00efb754>e92d40f0
00effe5c , 00efbf00>e92d40f0
00effe60 , 00efc794>e92d40f0


00f03914 , 00f55ac4>fffaf1a8
00f03918 , 00faa804>00d35290
00f0391c , 00fac994>2e5c2e2e


00f0822c , 00facaf0>2e5c2e2e
00f08230 , 00f07938>e92d40f0
00f08234 , 00f54a84>fffb39a4
00f08238 , 00f54a6c>0001fc54
00f0823c , 00faa850>00d35290


00f08bac , 00f08188>e92d40f0
00f08bb0 , 00fac8dc>2e5c2e2e
00f08bb4 , 00fac570>2e5c2e2e
00f08bb8 , 00faa960>00d35290


00f0bfd4 , 00f0b61c>e92d40f0
00f0bfd8 , 00f0b858>e92d40f0
00f0bfdc , 00f0ba94>e92d40f0
00f0bfe0 , 00f0bdc8>e92d40f0


00f0c800 , 00f0a1bc>2e5c2e2e
00f0c804 , 00f552bc>fffb79f8
00f0c808 , 00f552a4>fffb75cc


00f0d608 , 00f0c994>e92d40f0
00f0d60c , 00fac930>2e5c2e2e
00f0d610 , 00fac5a8>2e5c2e2e
00f0d614 , 00faaba8>00d35290


00f0e020 , 00f0a1d8>e92d40f0
00f0e024 , 00f0a7bc>e92d40f0
00f0e028 , 00f0abe4>e92d40f0
00f0e02c , 00f0af18>e92d40f0
00f0e030 , 00f0b2e4>e92d40f0


00f0f8b4 , 00f0f0ec>e92d40f0
00f0f8b8 , 00f0f358>e92d40f0
00f0f8bc , 00f0f594>e92d40f0


00f10b50 , 00f101e8>e92d40f0
00f10b54 , 00f0f8c0>2e5c2e2e
00f10b58 , 00f10430>e92d40f0


00f1143c , 00facaf0>2e5c2e2e
00f11440 , 00f10b5c>e92d40f0
00f11444 , 00f5c4b4>fffb54a8


00f1224c , 00f11610>e92d40f0
00f12250 , 00facb14>2e5c2e2e
00f12254 , 00fac780>2e5c2e2e
00f12258 , 00faada8>00d35290
00f1225c , 00f0f8c0>2e5c2e2e


00f12e0c , 00f5ba7c>fffe926c
00f12e10 , 00f59580>fffeb768
00f12e14 , 00f5c404>fffe88e4
00f12e18 , 00f5e4e4>fffe6804
00f12e1c , 00f5de4c>fffe6e9c
00f12e20 , 00f5571c>fffef5cc
00f12e24 , 00f56690>fffbd0c8


00f14184 , 00f5e824>fffe64c4
00f14188 , 00f5571c>fffef5cc
00f1418c , 00f5b798>fffb866c


00f14e00 , 00f54614>ffff06d4
00f14e04 , 00f53448>ffff18a0
00f14e08 , 00f5de80>fffb6ec8


00f14ee0 , 00f59b9c>fffeb14c
00f14ee4 , 00f5d08c>fffe7c5c
00f14ee8 , 00f5571c>fffef5cc
00f14eec , 00f56b90>fffee158
00f14ef0 , 00f5c510>fffe87d8
00f14ef4 , 00f54bc0>fffc07ac


00f1c644 , 00faae80>ffffffff
00f1c648 , 00faae84>ffffffff
00f1c64c , 00f5cb44>ffef6e98


00f253ec , 00f55320>fffd0038
00f253f0 , 00f55650>0001fc90
00f253f4 , 00f5385c>ffff148c
00f253f8 , 00f53468>ffff1880
00f253fc , 00f533e8>ffff0a04


00f267cc , 00f5fc78>fffc6580
00f267d0 , 00f551fc>00020070
00f267d4 , 00f25f60>2e5c2e2e


00f27084 , 00f533d8>00021e4c
00f27088 , 00f5521c>00020080
00f2708c , 00f5520c>00020078
00f27090 , 00f55824>0001faec


00f2bf84 , 00f545dc>00020c60
00f2bf88 , 00f55318>fffef9d0
00f2bf8c , 00f56968>fffd5758


00f359e8 , 00f34920>2e5c2e2e
00f359ec , 00fab1a0>08040201
00f359f0 , 00fab1a8>c0c10000


00f4415c , 00f5fc78>fffc6580
00f44160 , 00f5521c>00020080
00f44164 , 00f59664>0001bd50


00f4c330 , 00facca8>60000000
00f4c334 , 00facca4>00fad150
00f4c338 , 00faccac>60000054


00f4c780 , 00f6d088>77000000
00f4c784 , 00f65be0>17a9440f
00f4c788 , 00f65c3c>acfd1950


00f4ca5c , 00facca8>60000000
00f4ca60 , 00facca4>00fad150
00f4ca64 , 00faccac>60000054


00f4d58c , 00f4d324>e1a0a00e
00f4d590 , 00f4d5a8>e1b0c080
00f4d594 , 00f4d57c>61637768


00f4e414 , 00f4f290>ffffffff
00f4e418 , 00f4ee90>ffffffff
00f4e41c , 00f4ea90>ffffffff
00f4e420 , 00f4e690>00000020


00f6d090 , 00eaf700>eaffff54
00f6d094 , 00eaf704>e92d4070
00f6d098 , 00d72d54>e59f00f4
00f6d09c , 00d72db0>e59f0098
00f6d0a0 , 00f4bb80>ed2d0c01
00f6d0a4 , 00f4ba5c>ed2d0c01
00f6d0a8 , 00f4bad0>ed2d0c01
00f6d0ac , 00d45e84>e92d4010
00f6d0b0 , 00e923b4>e92d4bf0


00f6ef48 , 00f6c09c>8e280000
00f6ef4c , 00f6ee4c>05a5a5ff
00f6ef50 , 00f6ed5c>05a5a5ff


00f6fd6c , 00f6fd28>ffff8765
00f6fd70 , 00f6c7c0>bcf40100
00f6fd74 , 00f6fd48>00d08765


00f6feb8 , 00f6fe7c>ffff3033
00f6febc , 00f6c7f4>b3d87000
00f6fec0 , 00f6fe98>40443033


00f73a3c , 00f7ee88>00000068
00f73a40 , 00facc9c>00d00000
00f73a44 , 00f7ee94>00300000


00f75368 , 00f5571c>fffef5cc
00f7536c , 00f5d08c>fffe7c5c
00f75370 , 00f59b9c>fffeb14c


00f795d8 , 00facbfc>2e5c2e2e
00f795dc , 00fac5c4>2e5c2e2e
00f795e0 , 00facb30>2e5c2e2e


00f9df14 , 00d6c124>e92d4bf0
00f9df18 , 00d6c358>e92d4008
00f9df1c , 00d6c3a8>e52de004
00f9df20 , 00d6c430>e92d40f8
00f9df24 , 00d6c4ec>e92d4bf0
00f9df28 , 00d6c820>e92d4038
00f9df2c , 00d6c870>e92d4010
00f9df30 , 00d6c38c>e1d010b8


00f9df38 , 00f9df10>00000000
00f9df3c , 00f9e010>00000001
00f9df40 , 00d35e40>e3a00014


00f9e014 , 00d6f6d8>e92d4bff
00f9e018 , 00d6f9cc>e92d4008
00f9e01c , 00d6fa2c>e52de004
00f9e020 , 00d6fab8>e92d40f8
00f9e024 , 00d6fb78>e92d4bf0
00f9e028 , 00d6ffa4>e92d4038
00f9e02c , 00d6fff8>e92d4010
00f9e030 , 00d6fa08>e5d0100a


00f9e038 , 00ff0001>
00f9e03c , 00d3540c>e5912020
00f9e040 , 00d35e48>e3a0000e
00f9e044 , 00d7c14c>e3a00000


00f9e04c , 00d819f0>e1d000ba
00f9e050 , 00d35e48>e3a0000e
00f9e054 , 00d7c14c>e3a00000


00f9e05c , 00d818d0>e92d4010
00f9e060 , 00d35e48>e3a0000e
00f9e064 , 00d7c14c>e3a00000


00f9e06c , 00d81cf8>e92d40f8
00f9e070 , 00d81270>e92d4bf0
00f9e074 , 00d7c14c>e3a00000


00f9e07c , 00d845d4>e92d4070
00f9e080 , 00d81788>e92d4038
00f9e084 , 00d7c14c>e3a00000


00f9e08c , 00d81cf8>e92d40f8
00f9e090 , 00d7c564>e92d41f0
00f9e094 , 00d7c14c>e3a00000


00f9e09c , 00d81cf8>e92d40f8
00f9e0a0 , 00d816b0>e92d4070
00f9e0a4 , 00d7c14c>e3a00000


00f9e0ac , 00d81cf8>e92d40f8
00f9e0b0 , 00d815a0>e92d4070
00f9e0b4 , 00d7c14c>e3a00000


00f9e0bc , 00d1e170>e92d40f8
00f9e0c0 , 00d35e48>e3a0000e
00f9e0c4 , 00d7c14c>e3a00000


00f9e0cc , 00d81cf8>e92d40f8
00f9e0d0 , 00d35e48>e3a0000e
00f9e0d4 , 00d7c14c>e3a00000
00f9e0d8 , 00ff000b>
00f9e0dc , 00d845d4>e92d4070
00f9e0e0 , 00d35e48>e3a0000e
00f9e0e4 , 00d7c14c>e3a00000


00f9e0ec , 00d845d4>e92d4070
00f9e0f0 , 00d35e48>e3a0000e
00f9e0f4 , 00d7c14c>e3a00000


00f9e0fc , 00d81b0c>e92d40f8
00f9e100 , 00d35e48>e3a0000e
00f9e104 , 00d7c14c>e3a00000


00f9e10c , 00d81cf8>e92d40f8
00f9e110 , 00d35e48>e3a0000e
00f9e114 , 00d7c14c>e3a00000


00f9e11c , 00d81cf8>e92d40f8
00f9e120 , 00d35e48>e3a0000e
00f9e124 , 00d7c14c>e3a00000


00f9e12c , 00d81cf8>e92d40f8
00f9e130 , 00d35e48>e3a0000e
00f9e134 , 00d7c14c>e3a00000


00f9e13c , 00d81cf8>e92d40f8
00f9e140 , 00d35e48>e3a0000e
00f9e144 , 00d7c14c>e3a00000


00f9e14c , 00d81cf8>e92d40f8
00f9e150 , 00d35e48>e3a0000e
00f9e154 , 00d7c14c>e3a00000


00f9e15c , 00db0970>e92d4010
00f9e160 , 00db0a94>e92d4008
00f9e164 , 00db0ae8>e2800d80


00f9e16c , 00d845d4>e92d4070
00f9e170 , 00d80900>e92d40f8
00f9e174 , 00d7c14c>e3a00000


00f9e17c , 00d81cf8>e92d40f8
00f9e180 , 00d7c564>e92d41f0
00f9e184 , 00d7c14c>e3a00000


00f9e18c , 00d81cf8>e92d40f8
00f9e190 , 00d7c564>e92d41f0
00f9e194 , 00d7c14c>e3a00000


00f9e19c , 00d877dc>e5912020
00f9e1a0 , 00d35e48>e3a0000e
00f9e1a4 , 00d7c14c>e3a00000


00f9e1ac , 00d87864>e5912020
00f9e1b0 , 00d35e48>e3a0000e
00f9e1b4 , 00d7c14c>e3a00000


00f9e1bc , 00dc0be8>e92d4bf0
00f9e1c0 , 00d35e48>e3a0000e
00f9e1c4 , 00d7c14c>e3a00000


00f9e1cc , 00dc0f20>e92d4bf0
00f9e1d0 , 00d35e48>e3a0000e
00f9e1d4 , 00d7c14c>e3a00000


00f9e1dc , 00db0b00>e92d4010
00f9e1e0 , 00db0b68>e92d4008
00f9e1e4 , 00db0b98>e2800d80


00f9e1ec , 00db0bb0>e92d4010
00f9e1f0 , 00db0c18>e92d4008
00f9e1f4 , 00db0c4c>e2800d80


00f9e1fc , 00d878ec>e92d4010
00f9e200 , 00d879c4>e52de004
00f9e204 , 00d87a30>e2811014


00f9e20c , 00db0d34>e92d4010
00f9e210 , 00db0d9c>e92d40f0
00f9e214 , 00db0ec8>e5911014


00f9e21c , 00d9de7c>e92d4010
00f9e220 , 00d9dee4>e92d4008
00f9e224 , 00d9df20>e2800d80


00f9e22c , 00d81cf8>e92d40f8
00f9e230 , 00d35e48>e3a0000e
00f9e234 , 00d7c14c>e3a00000


00f9e23c , 00d81cf8>e92d40f8
00f9e240 , 00d35e48>e3a0000e
00f9e244 , 00d7c14c>e3a00000


00f9e24c , 00d81cf8>e92d40f8
00f9e250 , 00d35e48>e3a0000e
00f9e254 , 00d7c14c>e3a00000


00f9e25c , 00d81cf8>e92d40f8
00f9e260 , 00d35e48>e3a0000e
00f9e264 , 00d7c14c>e3a00000


00f9e26c , 00d81cf8>e92d40f8
00f9e270 , 00d35e48>e3a0000e
00f9e274 , 00d7c14c>e3a00000


00f9e27c , 00d81cf8>e92d40f8
00f9e280 , 00d35e48>e3a0000e
00f9e284 , 00d7c14c>e3a00000


00f9e28c , 00d81cf8>e92d40f8
00f9e290 , 00d35e48>e3a0000e
00f9e294 , 00d7c14c>e3a00000


00f9e29c , 00d81cf8>e92d40f8
00f9e2a0 , 00d35e48>e3a0000e
00f9e2a4 , 00d7c14c>e3a00000


00f9e2ac , 00dc1204>e92d4010
00f9e2b0 , 00dc1280>e92d4038
00f9e2b4 , 00dc12e8>e92d4070


00f9e2bc , 00d9788c>e92d4010
00f9e2c0 , 00d35e48>e3a0000e
00f9e2c4 , 00d7c14c>e3a00000


00f9e2cc , 00dc13f8>e92d4010
00f9e2d0 , 00dc1460>e92d4070
00f9e2d4 , 00dc150c>e92d4038


00f9e2dc , 00d9df4c>e92d4010
00f9e2e0 , 00d9dfb4>e92d4038
00f9e2e4 , 00d9e000>e2800d80


00f9e2ec , 00d9e02c>e92d4010
00f9e2f0 , 00d9e16c>e92d4010
00f9e2f4 , 00d9e218>e1a02000


00f9e2fc , 00db0ef4>e92d4010
00f9e300 , 00db0f64>e92d4008
00f9e304 , 00db0fa4>e1a02000


00f9e30c , 00dbf900>e92d4038
00f9e310 , 00dbfac4>e92d4010
00f9e314 , 00dbfba8>e2812014


00f9e31c , 00dbfc10>e92d4038
00f9e320 , 00dbfdd4>e92d4010
00f9e324 , 00dbfeb8>e2812014


00f9e32c , 00d81cf8>e92d40f8
00f9e330 , 00d35e48>e3a0000e
00f9e334 , 00d7c14c>e3a00000


00f9e33c , 00d81cf8>e92d40f8
00f9e340 , 00d35e48>e3a0000e
00f9e344 , 00d7c14c>e3a00000


00f9e34c , 00d81cf8>e92d40f8
00f9e350 , 00d35e48>e3a0000e
00f9e354 , 00d7c14c>e3a00000


00f9e35c , 00d81cf8>e92d40f8
00f9e360 , 00d35e48>e3a0000e
00f9e364 , 00d7c14c>e3a00000


00f9e36c , 00d81cf8>e92d40f8
00f9e370 , 00d35e48>e3a0000e
00f9e374 , 00d7c14c>e3a00000


00f9e37c , 00d81cf8>e92d40f8
00f9e380 , 00d35e48>e3a0000e
00f9e384 , 00d7c14c>e3a00000


00f9e38c , 00d81cf8>e92d40f8
00f9e390 , 00d35e48>e3a0000e
00f9e394 , 00d7c14c>e3a00000


00f9e39c , 00d81cf8>e92d40f8
00f9e3a0 , 00d35e48>e3a0000e
00f9e3a4 , 00d7c14c>e3a00000


00f9e3ac , 00d81cf8>e92d40f8
00f9e3b0 , 00d35e48>e3a0000e
00f9e3b4 , 00d7c14c>e3a00000


00f9e3bc , 00d81cf8>e92d40f8
00f9e3c0 , 00d35e48>e3a0000e
00f9e3c4 , 00d7c14c>e3a00000


00f9e3cc , 00d81cf8>e92d40f8
00f9e3d0 , 00d35e48>e3a0000e
00f9e3d4 , 00d7c14c>e3a00000


00f9e3dc , 00d81cf8>e92d40f8
00f9e3e0 , 00d7c564>e92d41f0
00f9e3e4 , 00d7c14c>e3a00000


00f9e3ec , 00d81cf8>e92d40f8
00f9e3f0 , 00d35e48>e3a0000e
00f9e3f4 , 00d7c14c>e3a00000


00f9e3fc , 00db64c8>e92d4010
00f9e400 , 00d35e48>e3a0000e
00f9e404 , 00d7c14c>e3a00000


00f9e40c , 00db65f0>e92d4010
00f9e410 , 00d35e48>e3a0000e
00f9e414 , 00d7c14c>e3a00000


00f9e41c , 00db6718>e92d4010
00f9e420 , 00d35e48>e3a0000e
00f9e424 , 00d7c14c>e3a00000


00f9e42c , 00db6840>e92d4010
00f9e430 , 00d35e48>e3a0000e
00f9e434 , 00d7c14c>e3a00000


00f9e43c , 00db6968>e92d4010
00f9e440 , 00d35e48>e3a0000e
00f9e444 , 00d7c14c>e3a00000


00f9e44c , 00db6a90>e92d4010
00f9e450 , 00d35e48>e3a0000e
00f9e454 , 00d7c14c>e3a00000


00f9e45c , 00db6bb8>e92d4010
00f9e460 , 00d35e48>e3a0000e
00f9e464 , 00d7c14c>e3a00000


00f9e46c , 00db6ce0>e92d4010
00f9e470 , 00d35e48>e3a0000e
00f9e474 , 00d7c14c>e3a00000


00f9e47c , 00db0fdc>e92d4010
00f9e480 , 00db1044>e5912014
00f9e484 , 00db1064>e3a02058


00f9e48c , 00db10a4>e92d4010
00f9e490 , 00db1114>e92d4008
00f9e494 , 00db1164>e5911014


00f9e49c , 00db11a8>e92d4010
00f9e4a0 , 00db12e8>e92d4008
00f9e4a4 , 00db136c>e1a02000


00f9e4ac , 00db1434>e92d4010
00f9e4b0 , 00db1574>e92d4008
00f9e4b4 , 00db15ec>e1a02000


00f9e4bc , 00db16b0>e92d4010
00f9e4c0 , 00db17f0>e92d4008
00f9e4c4 , 00db1870>e1a02000


00f9e4cc , 00db1938>e92d4010
00f9e4d0 , 00db1a78>e92d4008
00f9e4d4 , 00db1af0>e1a02000


00f9e4dc , 00db1bb4>e92d4010
00f9e4e0 , 00db1cf4>e92d4008
00f9e4e4 , 00db1d74>e1a02000


00f9e4ec , 00db1e3c>e92d4010
00f9e4f0 , 00db1eac>e92d4008
00f9e4f4 , 00db1eec>e1a02000


00f9e4fc , 00db1f24>e92d4010
00f9e500 , 00db2050>e92d4070
00f9e504 , 00db20dc>e92d4070


00f9e50c , 00db217c>e92d4010
00f9e510 , 00db21ec>e92d4038
00f9e514 , 00db235c>e5911014


00f9e51c , 00d7c2c0>e2800f80
00f9e520 , 00d7c210>e92d40f8
00f9e524 , 00d7c14c>e3a00000


00f9e52c , 00d81cf8>e92d40f8
00f9e530 , 00d7c564>e92d41f0
00f9e534 , 00d7c14c>e3a00000


00f9e53c , 00d81cf8>e92d40f8
00f9e540 , 00d810ac>e92d4010
00f9e544 , 00d7c14c>e3a00000


00f9e54c , 00d845d4>e92d4070
00f9e550 , 00d80900>e92d40f8
00f9e554 , 00d7c14c>e3a00000


00f9e55c , 00d81cf8>e92d40f8
00f9e560 , 00d7c564>e92d41f0
00f9e564 , 00d7c14c>e3a00000


00f9e56c , 00d845d4>e92d4070
00f9e570 , 00d80900>e92d40f8
00f9e574 , 00d7c14c>e3a00000


00f9e57c , 00d845d4>e92d4070
00f9e580 , 00d80900>e92d40f8
00f9e584 , 00d7c14c>e3a00000


00f9e58c , 00d845d4>e92d4070
00f9e590 , 00d80900>e92d40f8
00f9e594 , 00d7c14c>e3a00000


00f9e59c , 00d81cf8>e92d40f8
00f9e5a0 , 00d7c564>e92d41f0
00f9e5a4 , 00d7c14c>e3a00000


00f9e5ac , 00d81cf8>e92d40f8
00f9e5b0 , 00d7c564>e92d41f0
00f9e5b4 , 00d7c14c>e3a00000


00f9e5bc , 00d81cf8>e92d40f8
00f9e5c0 , 00d7c564>e92d41f0
00f9e5c4 , 00d7c14c>e3a00000


00f9e5cc , 00d87a84>e92d4038
00f9e5d0 , 00d87afc>e5d022bc
00f9e5d4 , 00d87b3c>e5911014


00f9e5dc , 00d87b74>e92d4038
00f9e5e0 , 00d87ca8>e92d4010
00f9e5e4 , 00d87d6c>e1a02000


00f9e5ec , 00d87e58>e92d4038
00f9e5f0 , 00d87f8c>e92d4010
00f9e5f4 , 00d88048>e1a02000


00f9e5fc , 00dbbfd4>e92d4010
00f9e600 , 00dbc0fc>e92d4008
00f9e604 , 00dbc17c>e1a02000


00f9e60c , 00d81cf8>e92d40f8
00f9e610 , 00d35e48>e3a0000e
00f9e614 , 00d7c14c>e3a00000


00f9e61c , 00d81cf8>e92d40f8
00f9e620 , 00d35e48>e3a0000e
00f9e624 , 00d7c14c>e3a00000


00f9e62c , 00d81cf8>e92d40f8
00f9e630 , 00d35e48>e3a0000e
00f9e634 , 00d7c14c>e3a00000


00f9e63c , 00d81cf8>e92d40f8
00f9e640 , 00d35e48>e3a0000e
00f9e644 , 00d7c14c>e3a00000


00f9e64c , 00d81cf8>e92d40f8
00f9e650 , 00d35e48>e3a0000e
00f9e654 , 00d7c14c>e3a00000


00f9e65c , 00d81cf8>e92d40f8
00f9e660 , 00d35e48>e3a0000e
00f9e664 , 00d7c14c>e3a00000


00f9e66c , 00d81cf8>e92d40f8
00f9e670 , 00d35e48>e3a0000e
00f9e674 , 00d7c14c>e3a00000


00f9e67c , 00d81cf8>e92d40f8
00f9e680 , 00d35e48>e3a0000e
00f9e684 , 00d7c14c>e3a00000


00f9e68c , 00d81cf8>e92d40f8
00f9e690 , 00d35e48>e3a0000e
00f9e694 , 00d7c14c>e3a00000


00f9e69c , 00d8812c>e92d4010
00f9e6a0 , 00d88260>e92d4008
00f9e6a4 , 00d882e8>e1a02000


00f9e6ac , 00d81cf8>e92d40f8
00f9e6b0 , 00d7c564>e92d41f0
00f9e6b4 , 00d7c14c>e3a00000


00f9e6bc , 00d81cf8>e92d40f8
00f9e6c0 , 00d7c564>e92d41f0
00f9e6c4 , 00d7c14c>e3a00000


00f9e6cc , 00dc1690>e92d4010
00f9e6d0 , 00dc17d0>e92d4008
00f9e6d4 , 00dc1854>e1a02000


00f9e6dc , 00dc1944>e92d4010
00f9e6e0 , 00dc1a84>e92d4008
00f9e6e4 , 00dc1afc>e1a02000


00f9e6ec , 00dc1bd8>e92d4010
00f9e6f0 , 00dc1c40>e5912014
00f9e6f4 , 00dc1c60>e3a02e46


00f9e6fc , 00d81cf8>e92d40f8
00f9e700 , 00d7c564>e92d41f0
00f9e704 , 00d7c14c>e3a00000


00f9e70c , 00d81cf8>e92d40f8
00f9e710 , 00d7c564>e92d41f0
00f9e714 , 00d7c14c>e3a00000


00f9e71c , 00d81cf8>e92d40f8
00f9e720 , 00d7c564>e92d41f0
00f9e724 , 00d7c14c>e3a00000


00f9e72c , 00d81cf8>e92d40f8
00f9e730 , 00d7c564>e92d41f0
00f9e734 , 00d7c14c>e3a00000


00f9e73c , 00d81cf8>e92d40f8
00f9e740 , 00d7c564>e92d41f0
00f9e744 , 00d7c14c>e3a00000


00f9e74c , 00d845d4>e92d4070
00f9e750 , 00d80900>e92d40f8
00f9e754 , 00d7c14c>e3a00000


00f9e75c , 00d81cf8>e92d40f8
00f9e760 , 00d7c564>e92d41f0
00f9e764 , 00d7c14c>e3a00000


00f9e76c , 00d81cf8>e92d40f8
00f9e770 , 00d7c564>e92d41f0
00f9e774 , 00d7c14c>e3a00000


00f9e77c , 00d81cf8>e92d40f8
00f9e780 , 00d7c564>e92d41f0
00f9e784 , 00d7c14c>e3a00000


00f9e78c , 00d88394>e92d4038
00f9e790 , 00d8840c>e5d022bc
00f9e794 , 00d7c14c>e3a00000


00f9e79c , 00d8844c>e92d4038
00f9e7a0 , 00d88580>e92d4008
00f9e7a4 , 00d88600>e1a02000


00f9e7ac , 00db0c64>e92d4010
00f9e7b0 , 00d35e48>e3a0000e
00f9e7b4 , 00d7c14c>e3a00000


00f9e7bc , 00db0ccc>e92d4010
00f9e7c0 , 00d35e48>e3a0000e
00f9e7c4 , 00d7c14c>e3a00000


00f9e7cc , 00d836fc>e92d4038
00f9e7d0 , 00d35e48>e3a0000e
00f9e7d4 , 00d7c14c>e3a00000


00f9e7dc , 00d836fc>e92d4038
00f9e7e0 , 00d35e48>e3a0000e
00f9e7e4 , 00d7c14c>e3a00000


00f9e7ec , 00d836fc>e92d4038
00f9e7f0 , 00d35e48>e3a0000e
00f9e7f4 , 00d7c14c>e3a00000


00f9e7fc , 00d836fc>e92d4038
00f9e800 , 00d35e48>e3a0000e
00f9e804 , 00d7c14c>e3a00000


00f9e80c , 00d836fc>e92d4038
00f9e810 , 00d35e48>e3a0000e
00f9e814 , 00d7c14c>e3a00000


00f9e81c , 00d836fc>e92d4038
00f9e820 , 00d35e48>e3a0000e
00f9e824 , 00d7c14c>e3a00000


00f9e82c , 00d836fc>e92d4038
00f9e830 , 00d35e48>e3a0000e
00f9e834 , 00d7c14c>e3a00000


00f9e83c , 00d836fc>e92d4038
00f9e840 , 00d35e48>e3a0000e
00f9e844 , 00d7c14c>e3a00000


00f9e84c , 00d836fc>e92d4038
00f9e850 , 00d35e48>e3a0000e
00f9e854 , 00d7c14c>e3a00000


00f9e85c , 00d836fc>e92d4038
00f9e860 , 00d35e48>e3a0000e
00f9e864 , 00d7c14c>e3a00000


00f9e86c , 00d836fc>e92d4038
00f9e870 , 00d35e48>e3a0000e
00f9e874 , 00d7c14c>e3a00000


00f9e87c , 00d836fc>e92d4038
00f9e880 , 00d35e48>e3a0000e
00f9e884 , 00d7c14c>e3a00000


00f9e88c , 00d836fc>e92d4038
00f9e890 , 00d35e48>e3a0000e
00f9e894 , 00d7c14c>e3a00000


00f9e89c , 00dbc2d4>e5912020
00f9e8a0 , 00dbc35c>e1a02000
00f9e8a4 , 00dbc3b8>e5910014


00f9e8ac , 00d836fc>e92d4038
00f9e8b0 , 00d35e48>e3a0000e
00f9e8b4 , 00d7c14c>e3a00000


00f9e8bc , 00d836fc>e92d4038
00f9e8c0 , 00d35e48>e3a0000e
00f9e8c4 , 00d7c14c>e3a00000


00f9e8cc , 00d836fc>e92d4038
00f9e8d0 , 00d35e48>e3a0000e
00f9e8d4 , 00d7c14c>e3a00000


00f9e8dc , 00d836fc>e92d4038
00f9e8e0 , 00d35e48>e3a0000e
00f9e8e4 , 00d7c14c>e3a00000


00f9e8ec , 00d84480>e92d4038
00f9e8f0 , 00d35e48>e3a0000e
00f9e8f4 , 00d7c14c>e3a00000


00f9e8fc , 00d84480>e92d4038
00f9e900 , 00d35e48>e3a0000e
00f9e904 , 00d7c14c>e3a00000


00f9e90c , 00d836fc>e92d4038
00f9e910 , 00d35e48>e3a0000e
00f9e914 , 00d7c14c>e3a00000


00f9e91c , 00dbf3a8>e92d4030
00f9e920 , 00dbf534>e92d4010
00f9e924 , 00dbf608>e2812014


00f9e92c , 00dbf654>e92d4030
00f9e930 , 00dbf7e0>e92d4010
00f9e934 , 00dbf8b4>e2812014


00f9e93c , 00db3768>e92d4010
00f9e940 , 00db38a8>e92d4070
00f9e944 , 00db39cc>e1a02000


00f9e94c , 00db2700>e92d4010
00f9e950 , 00d35e48>e3a0000e
00f9e954 , 00d7c14c>e3a00000


00f9e95c , 00db2840>e92d4010
00f9e960 , 00d35e48>e3a0000e
00f9e964 , 00d7c14c>e3a00000


00f9e96c , 00db2980>e92d4010
00f9e970 , 00d35e48>e3a0000e
00f9e974 , 00d7c14c>e3a00000


00f9e97c , 00db2ac0>e92d4010
00f9e980 , 00d35e48>e3a0000e
00f9e984 , 00d7c14c>e3a00000


00f9e98c , 00dc1ca4>e92d4010
00f9e990 , 00d35e48>e3a0000e
00f9e994 , 00d7c14c>e3a00000


00f9e99c , 00dc1de4>e92d4010
00f9e9a0 , 00d35e48>e3a0000e
00f9e9a4 , 00d7c14c>e3a00000


00f9e9ac , 00d84480>e92d4038
00f9e9b0 , 00d35e48>e3a0000e
00f9e9b4 , 00d7c14c>e3a00000


00f9e9bc , 00d847a8>e92d4038
00f9e9c0 , 00d35e48>e3a0000e
00f9e9c4 , 00d7c14c>e3a00000


00f9e9cc , 00d84480>e92d4038
00f9e9d0 , 00d35e48>e3a0000e
00f9e9d4 , 00d7c14c>e3a00000


00f9e9dc , 00d836fc>e92d4038
00f9e9e0 , 00d35e48>e3a0000e
00f9e9e4 , 00d7c14c>e3a00000


00f9e9ec , 00d836fc>e92d4038
00f9e9f0 , 00d35e48>e3a0000e
00f9e9f4 , 00d7c14c>e3a00000


00f9e9fc , 00d836fc>e92d4038
00f9ea00 , 00d35e48>e3a0000e
00f9ea04 , 00d7c14c>e3a00000


00f9ea0c , 00d836fc>e92d4038
00f9ea10 , 00d35e48>e3a0000e
00f9ea14 , 00d7c14c>e3a00000


00f9ea1c , 00d836fc>e92d4038
00f9ea20 , 00d35e48>e3a0000e
00f9ea24 , 00d7c14c>e3a00000


00f9ea2c , 00d836fc>e92d4038
00f9ea30 , 00d35e48>e3a0000e
00f9ea34 , 00d7c14c>e3a00000


00f9ea3c , 00d836fc>e92d4038
00f9ea40 , 00d35e48>e3a0000e
00f9ea44 , 00d7c14c>e3a00000


00f9ea4c , 00db2c00>e92d4010
00f9ea50 , 00db2d40>e92d4008
00f9ea54 , 00db2d9c>e1a02000


00f9ea5c , 00db2e74>e92d4010
00f9ea60 , 00db2fb4>e92d4008
00f9ea64 , 00db302c>e1a02000


00f9ea6c , 00db30f4>e92d4010
00f9ea70 , 00db3234>e92d4008
00f9ea74 , 00db32b4>e1a02000


00f9ea7c , 00db35c8>e92d4010
00f9ea80 , 00db369c>e1a03000
00f9ea84 , 00db36dc>e92d4070


00f9ea8c , 00db3384>e92d4010
00f9ea90 , 00db33ec>e5912014
00f9ea94 , 00db340c>e3a02058


00f9ea9c , 00db344c>e92d4010
00f9eaa0 , 00db34b4>e5912014
00f9eaa4 , 00db34d4>e3a02058


00f9eaac , 00d836fc>e92d4038
00f9eab0 , 00d7f208>e92d4070
00f9eab4 , 00d7c14c>e3a00000


00f9eabc , 00d836fc>e92d4038
00f9eac0 , 00d7f208>e92d4070
00f9eac4 , 00d7c14c>e3a00000


00f9eacc , 00d836fc>e92d4038
00f9ead0 , 00d7f208>e92d4070
00f9ead4 , 00d7c14c>e3a00000


00f9eadc , 00d836fc>e92d4038
00f9eae0 , 00d7f208>e92d4070
00f9eae4 , 00d7c14c>e3a00000


00f9eaec , 00d836fc>e92d4038
00f9eaf0 , 00d7f208>e92d4070
00f9eaf4 , 00d7c14c>e3a00000


00f9eafc , 00d836fc>e92d4038
00f9eb00 , 00d7f208>e92d4070
00f9eb04 , 00d7c14c>e3a00000


00f9eb0c , 00d836fc>e92d4038
00f9eb10 , 00d7f208>e92d4070
00f9eb14 , 00d7c14c>e3a00000


00f9eb1c , 00d836fc>e92d4038
00f9eb20 , 00d7f208>e92d4070
00f9eb24 , 00d7c14c>e3a00000


00f9eb2c , 00d836fc>e92d4038
00f9eb30 , 00d7f208>e92d4070
00f9eb34 , 00d7c14c>e3a00000


00f9eb3c , 00db3514>e92d4010
00f9eb40 , 00db357c>e5912014
00f9eb44 , 00db359c>e5911014


00f9eb4c , 00db3a94>e92d4010
00f9eb50 , 00db3afc>e5912014
00f9eb54 , 00db3b1c>e5911014


00f9eb5c , 00db3b48>e92d4010
00f9eb60 , 00db3bb0>e5912014
00f9eb64 , 00db3bd0>e5911014


00f9eb6c , 00db3bfc>e92d4010
00f9eb70 , 00db3d3c>e92d40f0
00f9eb74 , 00db3e78>e1a02000


00f9eb7c , 00db3f3c>e92d4010
00f9eb80 , 00db407c>e92d4008
00f9eb84 , 00db40f4>e1a02000


00f9eb8c , 00db41d0>e92d4010
00f9eb90 , 00db4310>e92d4008
00f9eb94 , 00db4390>e1a02000


00f9eb9c , 00db4468>e92d4010
00f9eba0 , 00db45a8>e92d4008
00f9eba4 , 00db4620>e1a02000


00f9ebac , 00d84480>e92d4038
00f9ebb0 , 00d817f4>e92d4038
00f9ebb4 , 00d7c14c>e3a00000


00f9ebbc , 00d84480>e92d4038
00f9ebc0 , 00d80808>e92d4010
00f9ebc4 , 00d7c14c>e3a00000


00f9ebcc , 00d836fc>e92d4038
00f9ebd0 , 00d7f208>e92d4070
00f9ebd4 , 00d7c14c>e3a00000


00f9ebdc , 00d836fc>e92d4038
00f9ebe0 , 00d7f208>e92d4070
00f9ebe4 , 00d7c14c>e3a00000


00f9ebec , 00d836fc>e92d4038
00f9ebf0 , 00d7f208>e92d4070
00f9ebf4 , 00d7c14c>e3a00000


00f9ebfc , 00d836fc>e92d4038
00f9ec00 , 00d7f208>e92d4070
00f9ec04 , 00d7c14c>e3a00000


00f9ec0c , 00d836fc>e92d4038
00f9ec10 , 00d7f208>e92d4070
00f9ec14 , 00d7c14c>e3a00000


00f9ec1c , 00d836fc>e92d4038
00f9ec20 , 00d7f208>e92d4070
00f9ec24 , 00d7c14c>e3a00000


00f9ec2c , 00d836fc>e92d4038
00f9ec30 , 00d7f208>e92d4070
00f9ec34 , 00d7c14c>e3a00000


00f9ec3c , 00d836fc>e92d4038
00f9ec40 , 00d7f208>e92d4070
00f9ec44 , 00d7c14c>e3a00000


00f9ec4c , 00d836fc>e92d4038
00f9ec50 , 00d7f208>e92d4070
00f9ec54 , 00d7c14c>e3a00000


00f9ec5c , 00d836fc>e92d4038
00f9ec60 , 00d7f208>e92d4070
00f9ec64 , 00d7c14c>e3a00000


00f9ec6c , 00d836fc>e92d4038
00f9ec70 , 00d7f208>e92d4070
00f9ec74 , 00d7c14c>e3a00000


00f9ec7c , 00d836fc>e92d4038
00f9ec80 , 00d7f208>e92d4070
00f9ec84 , 00d7c14c>e3a00000


00f9ec8c , 00d836fc>e92d4038
00f9ec90 , 00d7f208>e92d4070
00f9ec94 , 00d7c14c>e3a00000


00f9ec9c , 00d836fc>e92d4038
00f9eca0 , 00d7f208>e92d4070
00f9eca4 , 00d7c14c>e3a00000


00f9ecac , 00d847a8>e92d4038
00f9ecb0 , 00d80c84>e92d4038
00f9ecb4 , 00d7c14c>e3a00000


00f9ecbc , 00d836fc>e92d4038
00f9ecc0 , 00d7f208>e92d4070
00f9ecc4 , 00d7c14c>e3a00000


00f9eccc , 00d836fc>e92d4038
00f9ecd0 , 00d7f208>e92d4070
00f9ecd4 , 00d7c14c>e3a00000


00f9ecdc , 00d836fc>e92d4038
00f9ece0 , 00d7f208>e92d4070
00f9ece4 , 00d7c14c>e3a00000


00f9ecec , 00d836fc>e92d4038
00f9ecf0 , 00d7f208>e92d4070
00f9ecf4 , 00d7c14c>e3a00000


00f9ecfc , 00d836fc>e92d4038
00f9ed00 , 00d7f208>e92d4070
00f9ed04 , 00d7c14c>e3a00000


00f9ed0c , 00d836fc>e92d4038
00f9ed10 , 00d7f208>e92d4070
00f9ed14 , 00d7c14c>e3a00000


00f9ed1c , 00d836fc>e92d4038
00f9ed20 , 00d7f208>e92d4070
00f9ed24 , 00d7c14c>e3a00000


00f9ed2c , 00d836fc>e92d4038
00f9ed30 , 00d7f208>e92d4070
00f9ed34 , 00d7c14c>e3a00000


00f9ed3c , 00d836fc>e92d4038
00f9ed40 , 00d7f208>e92d4070
00f9ed44 , 00d7c14c>e3a00000


00f9ed4c , 00d847a8>e92d4038
00f9ed50 , 00d80c84>e92d4038
00f9ed54 , 00d7c14c>e3a00000


00f9ed5c , 00d847a8>e92d4038
00f9ed60 , 00d80c84>e92d4038
00f9ed64 , 00d7c14c>e3a00000


00f9ed6c , 00d847a8>e92d4038
00f9ed70 , 00d80c84>e92d4038
00f9ed74 , 00d7c14c>e3a00000


00f9ed7c , 00d847a8>e92d4038
00f9ed80 , 00d80c84>e92d4038
00f9ed84 , 00d7c14c>e3a00000


00f9ed8c , 00d847a8>e92d4038
00f9ed90 , 00d80c84>e92d4038
00f9ed94 , 00d7c14c>e3a00000


00f9ed9c , 00d847a8>e92d4038
00f9eda0 , 00d80c84>e92d4038
00f9eda4 , 00d7c14c>e3a00000


00f9edac , 00dbee50>e92d4030
00f9edb0 , 00dbefdc>e92d4010
00f9edb4 , 00dbf0b0>e2812014


00f9edbc , 00dbf0fc>e92d4030
00f9edc0 , 00dbf288>e92d4010
00f9edc4 , 00dbf35c>e2812014


00f9edcc , 00d81cf8>e92d40f8
00f9edd0 , 00d35e48>e3a0000e
00f9edd4 , 00d7c14c>e3a00000


00f9eddc , 00d81cf8>e92d40f8
00f9ede0 , 00d35e48>e3a0000e
00f9ede4 , 00d7c14c>e3a00000


00f9edec , 00dc1e4c>e92d4010
00f9edf0 , 00d35e48>e3a0000e
00f9edf4 , 00d7c14c>e3a00000


00f9edfc , 00dc1eb4>e92d4010
00f9ee00 , 00d35e48>e3a0000e
00f9ee04 , 00d7c14c>e3a00000


00f9ee0c , 00dc1ff4>e92d4010
00f9ee10 , 00d35e48>e3a0000e
00f9ee14 , 00d7c14c>e3a00000


00f9ee1c , 00dc205c>e92d4010
00f9ee20 , 00d35e48>e3a0000e
00f9ee24 , 00d7c14c>e3a00000


00f9ee2c , 00dc20c4>e92d4010
00f9ee30 , 00d35e48>e3a0000e
00f9ee34 , 00d7c14c>e3a00000


00f9ee3c , 00db46fc>e92d4010
00f9ee40 , 00db4764>e92d4038
00f9ee44 , 00db47b0>e5911014


00f9ee4c , 00d7c3a0>e2800fc0
00f9ee50 , 00d7c2cc>e92d40f8
00f9ee54 , 00d7c14c>e3a00000


00f9ee5c , 00d8492c>e92d4038
00f9ee60 , 00d7cf70>e92d4070
00f9ee64 , 00d7c14c>e3a00000


00f9ee6c , 00d8492c>e92d4038
00f9ee70 , 00d7cf70>e92d4070
00f9ee74 , 00d7c14c>e3a00000


00f9ee7c , 00d8492c>e92d4038
00f9ee80 , 00d7cf70>e92d4070
00f9ee84 , 00d7c14c>e3a00000


00f9ee8c , 00d8492c>e92d4038
00f9ee90 , 00d35e48>e3a0000e
00f9ee94 , 00d7c14c>e3a00000


00f9ee9c , 00d8492c>e92d4038
00f9eea0 , 00d35e48>e3a0000e
00f9eea4 , 00d7c14c>e3a00000


00f9eeac , 00d8492c>e92d4038
00f9eeb0 , 00d35e48>e3a0000e
00f9eeb4 , 00d7c14c>e3a00000


00f9eebc , 00d8492c>e92d4038
00f9eec0 , 00d35e48>e3a0000e
00f9eec4 , 00d7c14c>e3a00000


00f9eecc , 00d8492c>e92d4038
00f9eed0 , 00d35e48>e3a0000e
00f9eed4 , 00d7c14c>e3a00000


00f9eedc , 00d8492c>e92d4038
00f9eee0 , 00d35e48>e3a0000e
00f9eee4 , 00d7c14c>e3a00000


00f9eeec , 00d8492c>e92d4038
00f9eef0 , 00d35e48>e3a0000e
00f9eef4 , 00d7c14c>e3a00000


00f9eefc , 00d8492c>e92d4038
00f9ef00 , 00d35e48>e3a0000e
00f9ef04 , 00d7c14c>e3a00000


00f9ef0c , 00d8492c>e92d4038
00f9ef10 , 00d35e48>e3a0000e
00f9ef14 , 00d7c14c>e3a00000


00f9ef1c , 00d8492c>e92d4038
00f9ef20 , 00d35e48>e3a0000e
00f9ef24 , 00d7c14c>e3a00000


00f9ef2c , 00d8492c>e92d4038
00f9ef30 , 00d35e48>e3a0000e
00f9ef34 , 00d7c14c>e3a00000


00f9ef3c , 00d8492c>e92d4038
00f9ef40 , 00d35e48>e3a0000e
00f9ef44 , 00d7c14c>e3a00000


00f9ef4c , 00d8492c>e92d4038
00f9ef50 , 00d35e48>e3a0000e
00f9ef54 , 00d7c14c>e3a00000


00f9ef5c , 00d8492c>e92d4038
00f9ef60 , 00d35e48>e3a0000e
00f9ef64 , 00d7c14c>e3a00000


00f9ef6c , 00d8492c>e92d4038
00f9ef70 , 00d35e48>e3a0000e
00f9ef74 , 00d7c14c>e3a00000


00f9ef7c , 00d85280>e92d4038
00f9ef80 , 00d35e48>e3a0000e
00f9ef84 , 00d7c14c>e3a00000


00f9ef8c , 00d8492c>e92d4038
00f9ef90 , 00d35e48>e3a0000e
00f9ef94 , 00d7c14c>e3a00000


00f9ef9c , 00d85280>e92d4038
00f9efa0 , 00d7e7ac>e92d40f8
00f9efa4 , 00d7c14c>e3a00000


00f9efac , 00d8492c>e92d4038
00f9efb0 , 00d7cf70>e92d4070
00f9efb4 , 00d7c14c>e3a00000


00f9efbc , 00d85280>e92d4038
00f9efc0 , 00d35e48>e3a0000e
00f9efc4 , 00d7c14c>e3a00000


00f9efcc , 00d85280>e92d4038
00f9efd0 , 00d35e48>e3a0000e
00f9efd4 , 00d7c14c>e3a00000


00f9efdc , 00d8582c>e92d4010
00f9efe0 , 00d35e48>e3a0000e
00f9efe4 , 00d7c14c>e3a00000


00f9efec , 00d8564c>e92d4010
00f9eff0 , 00d35e48>e3a0000e
00f9eff4 , 00d7c14c>e3a00000


00f9effc , 00d85280>e92d4038
00f9f000 , 00d35e48>e3a0000e
00f9f004 , 00d7c14c>e3a00000


00f9f00c , 00d8492c>e92d4038
00f9f010 , 00d35e48>e3a0000e
00f9f014 , 00d7c14c>e3a00000


00f9f01c , 00d85280>e92d4038
00f9f020 , 00d35e48>e3a0000e
00f9f024 , 00d7c14c>e3a00000


00f9f02c , 00d8492c>e92d4038
00f9f030 , 00d7cf70>e92d4070
00f9f034 , 00d7c14c>e3a00000


00f9f03c , 00d85280>e92d4038
00f9f040 , 00d35e48>e3a0000e
00f9f044 , 00d7c14c>e3a00000


00f9f04c , 00d8492c>e92d4038
00f9f050 , 00d35e48>e3a0000e
00f9f054 , 00d7c14c>e3a00000


00f9f05c , 00d85280>e92d4038
00f9f060 , 00d35e48>e3a0000e
00f9f064 , 00d7c14c>e3a00000


00f9f06c , 00d85280>e92d4038
00f9f070 , 00d35e48>e3a0000e
00f9f074 , 00d7c14c>e3a00000


00f9f07c , 00d8492c>e92d4038
00f9f080 , 00d35e48>e3a0000e
00f9f084 , 00d7c14c>e3a00000


00f9f08c , 00d85280>e92d4038
00f9f090 , 00d35e48>e3a0000e
00f9f094 , 00d7c14c>e3a00000


00f9f09c , 00d85280>e92d4038
00f9f0a0 , 00d35e48>e3a0000e
00f9f0a4 , 00d7c14c>e3a00000


00f9f0ac , 00d8492c>e92d4038
00f9f0b0 , 00d35e48>e3a0000e
00f9f0b4 , 00d7c14c>e3a00000


00f9f0bc , 00d85280>e92d4038
00f9f0c0 , 00d35e48>e3a0000e
00f9f0c4 , 00d7c14c>e3a00000


00f9f0cc , 00d8492c>e92d4038
00f9f0d0 , 00d7cf70>e92d4070
00f9f0d4 , 00d7c14c>e3a00000


00f9f0dc , 00d85280>e92d4038
00f9f0e0 , 00d35e48>e3a0000e
00f9f0e4 , 00d7c14c>e3a00000


00f9f0ec , 00d85280>e92d4038
00f9f0f0 , 00d35e48>e3a0000e
00f9f0f4 , 00d7c14c>e3a00000


00f9f0fc , 00d85280>e92d4038
00f9f100 , 00d35e48>e3a0000e
00f9f104 , 00d7c14c>e3a00000


00f9f10c , 00d8492c>e92d4038
00f9f110 , 00d7cf70>e92d4070
00f9f114 , 00d7c14c>e3a00000


00f9f11c , 00d85a0c>e52de004
00f9f120 , 00d7ef58>e92d4010
00f9f124 , 00d7c14c>e3a00000


00f9f12c , 00d85280>e92d4038
00f9f130 , 00d7e7ac>e92d40f8
00f9f134 , 00d7c14c>e3a00000


00f9f13c , 00d85280>e92d4038
00f9f140 , 00d7e7ac>e92d40f8
00f9f144 , 00d7c14c>e3a00000


00f9f14c , 00d8492c>e92d4038
00f9f150 , 00d7cf70>e92d4070
00f9f154 , 00d7c14c>e3a00000


00f9f15c , 00d8492c>e92d4038
00f9f160 , 00d7cf70>e92d4070
00f9f164 , 00d7c14c>e3a00000


00f9f16c , 00d85280>e92d4038
00f9f170 , 00d7e7ac>e92d40f8
00f9f174 , 00d7c14c>e3a00000


00f9f17c , 00d85280>e92d4038
00f9f180 , 00d7e7ac>e92d40f8
00f9f184 , 00d7c14c>e3a00000


00f9f18c , 00d8492c>e92d4038
00f9f190 , 00d7cf70>e92d4070
00f9f194 , 00d7c14c>e3a00000


00f9f19c , 00d8492c>e92d4038
00f9f1a0 , 00d7cf70>e92d4070
00f9f1a4 , 00d7c14c>e3a00000


00f9f1ac , 00d8492c>e92d4038
00f9f1b0 , 00d7cf70>e92d4070
00f9f1b4 , 00d7c14c>e3a00000


00f9f1bc , 00d8492c>e92d4038
00f9f1c0 , 00d7cf70>e92d4070
00f9f1c4 , 00d7c14c>e3a00000


00f9f1cc , 00d8492c>e92d4038
00f9f1d0 , 00d7cf70>e92d4070
00f9f1d4 , 00d7c14c>e3a00000


00f9f1dc , 00d8492c>e92d4038
00f9f1e0 , 00d7cf70>e92d4070
00f9f1e4 , 00d7c14c>e3a00000


00f9f1ec , 00d8492c>e92d4038
00f9f1f0 , 00d7cf70>e92d4070
00f9f1f4 , 00d7c14c>e3a00000


00f9f1fc , 00d8492c>e92d4038
00f9f200 , 00d7cf70>e92d4070
00f9f204 , 00d7c14c>e3a00000


00f9f20c , 00d8492c>e92d4038
00f9f210 , 00d7cf70>e92d4070
00f9f214 , 00d7c14c>e3a00000


00f9f21c , 00d8492c>e92d4038
00f9f220 , 00d7cf70>e92d4070
00f9f224 , 00d7c14c>e3a00000


00f9f22c , 00d8492c>e92d4038
00f9f230 , 00d7cf70>e92d4070
00f9f234 , 00d7c14c>e3a00000


00f9f23c , 00d8492c>e92d4038
00f9f240 , 00d7cf70>e92d4070
00f9f244 , 00d7c14c>e3a00000


00f9f24c , 00d8492c>e92d4038
00f9f250 , 00d7cf70>e92d4070
00f9f254 , 00d7c14c>e3a00000


00f9f25c , 00d8492c>e92d4038
00f9f260 , 00d7cf70>e92d4070
00f9f264 , 00d7c14c>e3a00000


00f9f26c , 00d8492c>e92d4038
00f9f270 , 00d7cf70>e92d4070
00f9f274 , 00d7c14c>e3a00000


00f9f27c , 00d8492c>e92d4038
00f9f280 , 00d7cf70>e92d4070
00f9f284 , 00d7c14c>e3a00000


00f9f28c , 00d85568>e92d4038
00f9f290 , 00d7ece4>e92d4038
00f9f294 , 00d7c14c>e3a00000


00f9f29c , 00d85568>e92d4038
00f9f2a0 , 00d7ece4>e92d4038
00f9f2a4 , 00d7c14c>e3a00000


00f9f2ac , 00d8492c>e92d4038
00f9f2b0 , 00d7cf70>e92d4070
00f9f2b4 , 00d7c14c>e3a00000


00f9f2bc , 00d8492c>e92d4038
00f9f2c0 , 00d7cf70>e92d4070
00f9f2c4 , 00d7c14c>e3a00000


00f9f2cc , 00d8492c>e92d4038
00f9f2d0 , 00d7cf70>e92d4070
00f9f2d4 , 00d7c14c>e3a00000


00f9f2dc , 00d8492c>e92d4038
00f9f2e0 , 00d7cf70>e92d4070
00f9f2e4 , 00d7c14c>e3a00000


00f9f2ec , 00d85280>e92d4038
00f9f2f0 , 00d7e7ac>e92d40f8
00f9f2f4 , 00d7c14c>e3a00000


00f9f2fc , 00d85280>e92d4038
00f9f300 , 00d7e7ac>e92d40f8
00f9f304 , 00d7c14c>e3a00000


00f9f30c , 00d85568>e92d4038
00f9f310 , 00d7ece4>e92d4038
00f9f314 , 00d7c14c>e3a00000


00f9f31c , 00d85568>e92d4038
00f9f320 , 00d7ece4>e92d4038
00f9f324 , 00d7c14c>e3a00000


00f9f32c , 00d85280>e92d4038
00f9f330 , 00d7e7ac>e92d40f8
00f9f334 , 00d7c14c>e3a00000


00f9f33c , 00d8492c>e92d4038
00f9f340 , 00d7cf70>e92d4070
00f9f344 , 00d7c14c>e3a00000


00f9f34c , 00d85280>e92d4038
00f9f350 , 00d7e7ac>e92d40f8
00f9f354 , 00d7c14c>e3a00000


00f9f35c , 00d85280>e92d4038
00f9f360 , 00d7e7ac>e92d40f8
00f9f364 , 00d7c14c>e3a00000


00f9f36c , 00d8492c>e92d4038
00f9f370 , 00d7cf70>e92d4070
00f9f374 , 00d7c14c>e3a00000


00f9f37c , 00d8492c>e92d4038
00f9f380 , 00d7cf70>e92d4070
00f9f384 , 00d7c14c>e3a00000


00f9f38c , 00d8492c>e92d4038
00f9f390 , 00d7cf70>e92d4070
00f9f394 , 00d7c14c>e3a00000


00f9f39c , 00d8492c>e92d4038
00f9f3a0 , 00d7cf70>e92d4070
00f9f3a4 , 00d7c14c>e3a00000


00f9f3ac , 00d8492c>e92d4038
00f9f3b0 , 00d7cf70>e92d4070
00f9f3b4 , 00d7c14c>e3a00000


00f9f3bc , 00d8492c>e92d4038
00f9f3c0 , 00d7cf70>e92d4070
00f9f3c4 , 00d7c14c>e3a00000


00f9f3cc , 00d85280>e92d4038
00f9f3d0 , 00d7e7ac>e92d40f8
00f9f3d4 , 00d7c14c>e3a00000


00f9f3dc , 00d85280>e92d4038
00f9f3e0 , 00d7e7ac>e92d40f8
00f9f3e4 , 00d7c14c>e3a00000


00f9f3ec , 00d85568>e92d4038
00f9f3f0 , 00d7ece4>e92d4038
00f9f3f4 , 00d7c14c>e3a00000


00f9f3fc , 00d8492c>e92d4038
00f9f400 , 00d7cf70>e92d4070
00f9f404 , 00d7c14c>e3a00000


00f9f40c , 00d85568>e92d4038
00f9f410 , 00d7ece4>e92d4038
00f9f414 , 00d7c14c>e3a00000


00f9f41c , 00d8492c>e92d4038
00f9f420 , 00d7cf70>e92d4070
00f9f424 , 00d7c14c>e3a00000


00f9f42c , 00d85280>e92d4038
00f9f430 , 00d7e7ac>e92d40f8
00f9f434 , 00d7c14c>e3a00000


00f9f43c , 00db6e08>e92d4010
00f9f440 , 00d35e48>e3a0000e
00f9f444 , 00d7c14c>e3a00000


00f9f44c , 00db7058>e92d4010
00f9f450 , 00d35e48>e3a0000e
00f9f454 , 00d7c14c>e3a00000


00f9f45c , 00db7620>e92d4010
00f9f460 , 00d35e48>e3a0000e
00f9f464 , 00d7c14c>e3a00000


00f9f46c , 00da2c5c>e92d4010
00f9f470 , 00da2d9c>e92d4010
00f9f474 , 00da2e48>e1a02000


00f9f47c , 00da2f18>e92d4010
00f9f480 , 00da3058>e92d4010
00f9f484 , 00da30fc>e1a02000


00f9f48c , 00da31c4>e92d4010
00f9f490 , 00da3304>e92d4010
00f9f494 , 00da33b0>e1a02000


00f9f49c , 00da3480>e92d4010
00f9f4a0 , 00da35c0>e92d4010
00f9f4a4 , 00da3664>e1a02000


00f9f4ac , 00da3728>e92d4010
00f9f4b0 , 00da3868>e92d4010
00f9f4b4 , 00da3914>e1a02000


00f9f4bc , 00da39dc>e92d4010
00f9f4c0 , 00da3b1c>e92d4010
00f9f4c4 , 00da3bc0>e1a02000


00f9f4cc , 00da3c88>e92d4010
00f9f4d0 , 00da3dc8>e92d4010
00f9f4d4 , 00da3e74>e1a02000


00f9f4dc , 00da3f3c>e92d4010
00f9f4e0 , 00da407c>e92d4010
00f9f4e4 , 00da4120>e1a02000


00f9f4ec , 00da41e4>e92d4010
00f9f4f0 , 00da4324>e92d4010
00f9f4f4 , 00da43d0>e1a02000


00f9f4fc , 00da4498>e92d4010
00f9f500 , 00da4500>e92d4038
00f9f504 , 00da454c>e5911014


00f9f50c , 00d847a8>e92d4038
00f9f510 , 00d80900>e92d40f8
00f9f514 , 00d7c14c>e3a00000


00f9f51c , 00d847a8>e92d4038
00f9f520 , 00d80c84>e92d4038
00f9f524 , 00d7c14c>e3a00000


00f9f52c , 00d847a8>e92d4038
00f9f530 , 00d80c84>e92d4038
00f9f534 , 00d7c14c>e3a00000


00f9f53c , 00d836fc>e92d4038
00f9f540 , 00d7c564>e92d41f0
00f9f544 , 00d7c14c>e3a00000


00f9f54c , 00d847a8>e92d4038
00f9f550 , 00d80900>e92d40f8
00f9f554 , 00d7c14c>e3a00000


00f9f55c , 00d836fc>e92d4038
00f9f560 , 00d7c564>e92d41f0
00f9f564 , 00d7c14c>e3a00000


00f9f56c , 00d847a8>e92d4038
00f9f570 , 00d80900>e92d40f8
00f9f574 , 00d7c14c>e3a00000


00f9f57c , 00d836fc>e92d4038
00f9f580 , 00d7c564>e92d41f0
00f9f584 , 00d7c14c>e3a00000


00f9f58c , 00d847a8>e92d4038
00f9f590 , 00d80900>e92d40f8
00f9f594 , 00d7c14c>e3a00000


00f9f59c , 00d847a8>e92d4038
00f9f5a0 , 00d80c84>e92d4038
00f9f5a4 , 00d7c14c>e3a00000


00f9f5ac , 00d847a8>e92d4038
00f9f5b0 , 00d80c84>e92d4038
00f9f5b4 , 00d7c14c>e3a00000


00f9f5bc , 00d847a8>e92d4038
00f9f5c0 , 00d80c84>e92d4038
00f9f5c4 , 00d7c14c>e3a00000


00f9f5cc , 00d35290>e3a00014
00f9f5d0 , 00d35290>e3a00014
00f9f5d4 , 00d7c14c>e3a00000


00f9f5dc , 00d847a8>e92d4038
00f9f5e0 , 00d80c84>e92d4038
00f9f5e4 , 00d7c14c>e3a00000


00f9f5ec , 00d836fc>e92d4038
00f9f5f0 , 00d7f208>e92d4070
00f9f5f4 , 00d7c14c>e3a00000


00f9f5fc , 00d836fc>e92d4038
00f9f600 , 00d7f208>e92d4070
00f9f604 , 00d7c14c>e3a00000


00f9f60c , 00d836fc>e92d4038
00f9f610 , 00d7f208>e92d4070
00f9f614 , 00d7c14c>e3a00000


00f9f61c , 00d836fc>e92d4038
00f9f620 , 00d7f208>e92d4070
00f9f624 , 00d7c14c>e3a00000


00f9f62c , 00d836fc>e92d4038
00f9f630 , 00d7f208>e92d4070
00f9f634 , 00d7c14c>e3a00000


00f9f63c , 00d836fc>e92d4038
00f9f640 , 00d7f208>e92d4070
00f9f644 , 00d7c14c>e3a00000


00f9f64c , 00d836fc>e92d4038
00f9f650 , 00d7f208>e92d4070
00f9f654 , 00d7c14c>e3a00000


00f9f65c , 00dbe350>e92d4010
00f9f660 , 00dbe490>e92d4010
00f9f664 , 00dbe544>e1a02000


00f9f66c , 00db6f30>e92d4010
00f9f670 , 00d35e48>e3a0000e
00f9f674 , 00d7c14c>e3a00000


00f9f67c , 00db7180>e92d4010
00f9f680 , 00d35e48>e3a0000e
00f9f684 , 00d7c14c>e3a00000


00f9f68c , 00d836fc>e92d4038
00f9f690 , 00d7f208>e92d4070
00f9f694 , 00d7c14c>e3a00000


00f9f69c , 00db72a8>e92d4010
00f9f6a0 , 00d35e48>e3a0000e
00f9f6a4 , 00d7c14c>e3a00000


00f9f6ac , 00db73d0>e92d4010
00f9f6b0 , 00d35e48>e3a0000e
00f9f6b4 , 00d7c14c>e3a00000


00f9f6bc , 00db74f8>e92d4010
00f9f6c0 , 00d35e48>e3a0000e
00f9f6c4 , 00d7c14c>e3a00000


00f9f6cc , 00d836fc>e92d4038
00f9f6d0 , 00d7f208>e92d4070
00f9f6d4 , 00d7c14c>e3a00000


00f9f6dc , 00da4578>e92d4010
00f9f6e0 , 00da46b4>e92d4010
00f9f6e4 , 00da4760>e1a02000


00f9f6ec , 00dbc3c8>e92d4010
00f9f6f0 , 00dbc508>e92d4010
00f9f6f4 , 00dbc5b8>e1a02000


00f9f6fc , 00dbc684>e92d4010
00f9f700 , 00dbc7c4>e92d4010
00f9f704 , 00dbc870>e1a02000


00f9f70c , 00da4830>e92d4010
00f9f710 , 00da4970>e92d4010
00f9f714 , 00da4a14>e1a02000


00f9f71c , 00da4ac0>e92d4010
00f9f720 , 00da4c00>e92d4010
00f9f724 , 00da4cac>e1a02000


00f9f72c , 00da4d58>e92d4010
00f9f730 , 00da4e98>e92d4010
00f9f734 , 00da4f3c>e1a02000


00f9f73c , 00da5818>e92d4010
00f9f740 , 00da5880>e92d4038
00f9f744 , 00d7c14c>e3a00000


00f9f74c , 00da58e4>e92d4010
00f9f750 , 00da5a24>e92d4010
00f9f754 , 00da5ac8>e1a02000


00f9f75c , 00d836fc>e92d4038
00f9f760 , 00d7f208>e92d4070
00f9f764 , 00d7c14c>e3a00000


00f9f76c , 00d836fc>e92d4038
00f9f770 , 00d7f208>e92d4070
00f9f774 , 00d7c14c>e3a00000


00f9f77c , 00d836fc>e92d4038
00f9f780 , 00d7f208>e92d4070
00f9f784 , 00d7c14c>e3a00000


00f9f78c , 00dbe624>e92d4010
00f9f790 , 00dbe764>e92d4010
00f9f794 , 00dbe810>e1a02000


00f9f79c , 00db7748>e92d4010
00f9f7a0 , 00d35e48>e3a0000e
00f9f7a4 , 00d7c14c>e3a00000


00f9f7ac , 00db7870>e92d4010
00f9f7b0 , 00d35e48>e3a0000e
00f9f7b4 , 00d7c14c>e3a00000


00f9f7bc , 00db7998>e92d4010
00f9f7c0 , 00d35e48>e3a0000e
00f9f7c4 , 00d7c14c>e3a00000


00f9f7cc , 00db7ac0>e92d4010
00f9f7d0 , 00d35e48>e3a0000e
00f9f7d4 , 00d7c14c>e3a00000


00f9f7dc , 00db7be8>e92d4010
00f9f7e0 , 00d35e48>e3a0000e
00f9f7e4 , 00d7c14c>e3a00000


00f9f7ec , 00db7d10>e92d4010
00f9f7f0 , 00d35e48>e3a0000e
00f9f7f4 , 00d7c14c>e3a00000


00f9f7fc , 00d836fc>e92d4038
00f9f800 , 00d7f208>e92d4070
00f9f804 , 00d7c14c>e3a00000


00f9f80c , 00d836fc>e92d4038
00f9f810 , 00d7f208>e92d4070
00f9f814 , 00d7c14c>e3a00000


00f9f81c , 00da5b98>e92d4010
00f9f820 , 00da5cd4>e92d4010
00f9f824 , 00da5d80>e1a02000


00f9f82c , 00dbc934>e92d4010
00f9f830 , 00dbca74>e92d4010
00f9f834 , 00dbcb28>e1a02000


00f9f83c , 00dbcbf0>e92d4010
00f9f840 , 00dbcd30>e92d4010
00f9f844 , 00dbcddc>e1a02000


00f9f84c , 00da60e0>e92d4010
00f9f850 , 00da6220>e92d4010
00f9f854 , 00da62c4>e1a02000


00f9f85c , 00da6370>e92d4010
00f9f860 , 00da64b0>e92d4010
00f9f864 , 00da655c>e1a02000


00f9f86c , 00da6624>e92d4010
00f9f870 , 00da6764>e92d4010
00f9f874 , 00da6808>e1a02000


00f9f87c , 00da68cc>e92d4010
00f9f880 , 00da6934>e92d4038
00f9f884 , 00da6980>e2800d80


00f9f88c , 00da6998>e92d4010
00f9f890 , 00da6ad8>e92d4010
00f9f894 , 00da6b84>e1a02000


00f9f89c , 00dbcea0>e92d4010
00f9f8a0 , 00dbcfe0>e92d4010
00f9f8a4 , 00dbd094>e1a02000


00f9f8ac , 00da6c4c>e92d4010
00f9f8b0 , 00da6d8c>e92d4010
00f9f8b4 , 00da6e30>e1a02000


00f9f8bc , 00da6edc>e92d4010
00f9f8c0 , 00da701c>e92d4010
00f9f8c4 , 00da70c8>e1a02000


00f9f8cc , 00da7190>e92d4010
00f9f8d0 , 00da72d0>e92d4010
00f9f8d4 , 00da7374>e1a02000


00f9f8dc , 00da7420>e92d4010
00f9f8e0 , 00da7560>e92d4010
00f9f8e4 , 00da760c>e1a02000


00f9f8ec , 00da76b8>e92d4010
00f9f8f0 , 00da77f8>e92d4010
00f9f8f4 , 00da789c>e1a02000


00f9f8fc , 00dbe8ec>e92d4010
00f9f900 , 00dbea2c>e92d4010
00f9f904 , 00dbeae0>e1a02000


00f9f90c , 00db7e38>e92d4010
00f9f910 , 00d35e48>e3a0000e
00f9f914 , 00d7c14c>e3a00000


00f9f91c , 00db7f60>e92d4010
00f9f920 , 00d35e48>e3a0000e
00f9f924 , 00d7c14c>e3a00000


00f9f92c , 00da7cd8>e92d4010
00f9f930 , 00da7e18>e92d4010
00f9f934 , 00da7ebc>e1a02000


00f9f93c , 00da7f80>e92d4010
00f9f940 , 00da80c0>e92d4010
00f9f944 , 00da816c>e1a02000


00f9f94c , 00dbebbc>e92d4010
00f9f950 , 00dbecfc>e92d4010
00f9f954 , 00dbeda8>e1a02000


00f9f95c , 00db82d8>e92d4010
00f9f960 , 00d35e48>e3a0000e
00f9f964 , 00d7c14c>e3a00000


00f9f96c , 00db8400>e92d4010
00f9f970 , 00d35e48>e3a0000e
00f9f974 , 00d7c14c>e3a00000


00f9f97c , 00db8528>e92d4010
00f9f980 , 00d35e48>e3a0000e
00f9f984 , 00d7c14c>e3a00000


00f9f98c , 00dbd6c8>e92d4010
00f9f990 , 00dbd808>e92d4010
00f9f994 , 00dbd8b4>e1a02000


00f9f99c , 00da84dc>e92d4010
00f9f9a0 , 00da861c>e92d4010
00f9f9a4 , 00da86c8>e1a02000


00f9f9ac , 00da8790>e92d4010
00f9f9b0 , 00da88d0>e92d4010
00f9f9b4 , 00da8974>e1a02000


00f9f9bc , 00da8a38>e92d4010
00f9f9c0 , 00da8b78>e92d4010
00f9f9c4 , 00da8c24>e1a02000


00f9f9cc , 00da94dc>e92d4010
00f9f9d0 , 00da961c>e92d4010
00f9f9d4 , 00da96d0>e1a02000


00f9f9dc , 00da9798>e92d4010
00f9f9e0 , 00da98d8>e92d4010
00f9f9e4 , 00da997c>e1a02000


00f9f9ec , 00da9a40>e92d4010
00f9f9f0 , 00da9b7c>e92d4010
00f9f9f4 , 00da9c30>e1a02000


00f9f9fc , 00da9cf8>e92d4010
00f9fa00 , 00da9e34>e92d4010
00f9fa04 , 00da9ee0>e1a02000


00f9fa0c , 00da9fa8>e92d4010
00f9fa10 , 00daa0e8>e92d4010
00f9fa14 , 00daa194>e1a02000


00f9fa1c , 00daa25c>e92d4010
00f9fa20 , 00daa39c>e92d4010
00f9fa24 , 00daa440>e1a02000


00f9fa2c , 00daa508>e92d4010
00f9fa30 , 00daa648>e92d4010
00f9fa34 , 00daa6f4>e1a02000


00f9fa3c , 00daa7b8>e92d4010
00f9fa40 , 00daa8f8>e92d4010
00f9fa44 , 00daa99c>e1a02000


00f9fa4c , 00daaa64>e92d4010
00f9fa50 , 00daaba4>e92d4010
00f9fa54 , 00daac50>e1a02000


00f9fa5c , 00daad14>e92d4010
00f9fa60 , 00daae54>e92d4010
00f9fa64 , 00daaef8>e1a02000


00f9fa6c , 00db8650>e92d4010
00f9fa70 , 00d35e48>e3a0000e
00f9fa74 , 00d7c14c>e3a00000


00f9fa7c , 00db8778>e92d4010
00f9fa80 , 00d35e48>e3a0000e
00f9fa84 , 00d7c14c>e3a00000


00f9fa8c , 00db88a0>e92d4010
00f9fa90 , 00d35e48>e3a0000e
00f9fa94 , 00d7c14c>e3a00000


00f9fa9c , 00db89c8>e92d4010
00f9faa0 , 00d35e48>e3a0000e
00f9faa4 , 00d7c14c>e3a00000


00f9faac , 00db8af0>e92d4010
00f9fab0 , 00d35e48>e3a0000e
00f9fab4 , 00d7c14c>e3a00000


00f9fabc , 00db8c18>e92d4010
00f9fac0 , 00d35e48>e3a0000e
00f9fac4 , 00d7c14c>e3a00000


00f9facc , 00db8d40>e92d4010
00f9fad0 , 00d35e48>e3a0000e
00f9fad4 , 00d7c14c>e3a00000


00f9fadc , 00db8e68>e92d4010
00f9fae0 , 00d35e48>e3a0000e
00f9fae4 , 00d7c14c>e3a00000


00f9faec , 00db8f90>e92d4010
00f9faf0 , 00d35e48>e3a0000e
00f9faf4 , 00d7c14c>e3a00000


00f9fafc , 00db90b8>e92d4010
00f9fb00 , 00d35e48>e3a0000e
00f9fb04 , 00d7c14c>e3a00000


00f9fb0c , 00dc212c>e92d4010
00f9fb10 , 00dc226c>e92d4010
00f9fb14 , 00dc2318>e1a02000


00f9fb1c , 00dab8fc>e92d4010
00f9fb20 , 00daba3c>e92d4010
00f9fb24 , 00dabae8>e1a02000


00f9fb2c , 00dabbb0>e92d4010
00f9fb30 , 00dabcf0>e92d4010
00f9fb34 , 00dabd94>e1a02000


00f9fb3c , 00dabe58>e92d4010
00f9fb40 , 00dabf98>e92d4010
00f9fb44 , 00dac044>e1a02000


00f9fb4c , 00dac10c>e92d4010
00f9fb50 , 00dac24c>e92d4010
00f9fb54 , 00dac2f0>e1a02000


00f9fb5c , 00dac3b4>e92d4010
00f9fb60 , 00dac41c>e92d4038
00f9fb64 , 00dac468>e2800d80


00f9fb6c , 00dac494>e92d4010
00f9fb70 , 00dac5d4>e92d4010
00f9fb74 , 00dac680>e1a02000


00f9fb7c , 00dac9f4>e2800d80
00f9fb80 , 00daca14>e92d4038
00f9fb84 , 00daca60>e5911014


00f9fb8c , 00daca90>e92d4010
00f9fb90 , 00dacbd0>e92d4010
00f9fb94 , 00dacc7c>e1a02000


00f9fb9c , 00dac748>e92d4010
00f9fba0 , 00dac888>e92d4010
00f9fba4 , 00dac92c>e1a02000


00f9fbac , 00dc23e0>e92d4010
00f9fbb0 , 00dc2448>e92d4038
00f9fbb4 , 00dc2494>e3a02ea6


00f9fbbc , 00db91e0>e92d4010
00f9fbc0 , 00d35e48>e3a0000e
00f9fbc4 , 00d7c14c>e3a00000


00f9fbcc , 00dacd44>e92d4010
00f9fbd0 , 00dacdac>e92d4038
00f9fbd4 , 00dacdf8>e2800d80


00f9fbdc , 00dace28>e92d4010
00f9fbe0 , 00dacf68>e92d4010
00f9fbe4 , 00dad00c>e1a02000


00f9fbec , 00dad0dc>e92d4010
00f9fbf0 , 00dad21c>e92d4010
00f9fbf4 , 00dad2c0>e1a02000


00f9fbfc , 00dad384>e92d4010
00f9fc00 , 00dad4c4>e92d4010
00f9fc04 , 00dad570>e1a02000


00f9fc0c , 00dad638>e92d4010
00f9fc10 , 00dad778>e92d4010
00f9fc14 , 00dad81c>e1a02000


00f9fc1c , 00dad8e0>e92d4010
00f9fc20 , 00dada20>e92d4010
00f9fc24 , 00dadacc>e1a02000


00f9fc2c , 00dadb94>e92d4010
00f9fc30 , 00dadcd4>e92d4010
00f9fc34 , 00dadd78>e1a02000


00f9fc3c , 00db9308>e92d4010
00f9fc40 , 00d35e48>e3a0000e
00f9fc44 , 00d7c14c>e3a00000


00f9fc4c , 00db9430>e92d4010
00f9fc50 , 00d35e48>e3a0000e
00f9fc54 , 00d7c14c>e3a00000


00f9fc5c , 00db9558>e92d4010
00f9fc60 , 00d35e48>e3a0000e
00f9fc64 , 00d7c14c>e3a00000


00f9fc6c , 00db9680>e92d4010
00f9fc70 , 00d35e48>e3a0000e
00f9fc74 , 00d7c14c>e3a00000


00f9fc7c , 00dade3c>e92d4010
00f9fc80 , 00dadf10>e92d4038
00f9fc84 , 00dadf74>e5911014


00f9fc8c , 00dadf98>e92d4010
00f9fc90 , 00dae000>e92d4038
00f9fc94 , 00dae04c>e3a02ea6


00f9fc9c , 00dae0a0>e92d4010
00f9fca0 , 00dae1e0>e92d4010
00f9fca4 , 00dae290>e1a02000


00f9fcac , 00dae358>e92d4010
00f9fcb0 , 00dae498>e92d4010
00f9fcb4 , 00dae53c>e1a02000


00f9fcbc , 00dae600>e92d4010
00f9fcc0 , 00dae740>e92d4010
00f9fcc4 , 00dae7ec>e1a02000


00f9fccc , 00daeb3c>e92d4010
00f9fcd0 , 00daeba4>e92d4038
00f9fcd4 , 00daebf0>e2800d80


00f9fcdc , 00daec1c>e92d4010
00f9fce0 , 00daed5c>e92d4010
00f9fce4 , 00daee08>e1a02000


00f9fcec , 00daeed0>e92d4010
00f9fcf0 , 00daf010>e92d4010
00f9fcf4 , 00daf0b4>e1a02000


00f9fcfc , 00db97a8>e92d4010
00f9fd00 , 00d35e48>e3a0000e
00f9fd04 , 00d7c14c>e3a00000


00f9fd0c , 00daf7b4>e92d4010
00f9fd10 , 00daf81c>e92d4038
00f9fd14 , 00daf868>e2800d80


00f9fd1c , 00daf898>e92d4010
00f9fd20 , 00daf9d8>e92d4010
00f9fd24 , 00dafa84>e1a02000


00f9fd2c , 00dafb4c>e92d4010
00f9fd30 , 00dafbb4>e92d4038
00f9fd34 , 00dafc00>e2800d80


00f9fd3c , 00dafc30>e92d4010
00f9fd40 , 00dafd70>e92d4010
00f9fd44 , 00dafe14>e1a02000


00f9fd4c , 00db98d0>e92d4010
00f9fd50 , 00d35e48>e3a0000e
00f9fd54 , 00d7c14c>e3a00000


00f9fd5c , 00db99f8>e92d4010
00f9fd60 , 00d35e48>e3a0000e
00f9fd64 , 00d7c14c>e3a00000


00f9fd6c , 00db9b20>e92d4010
00f9fd70 , 00d35e48>e3a0000e
00f9fd74 , 00d7c14c>e3a00000


00f9fd7c , 00db9c48>e92d4010
00f9fd80 , 00d35e48>e3a0000e
00f9fd84 , 00d7c14c>e3a00000


00f9fd8c , 00dafebc>e92d4010
00f9fd90 , 00daff24>e92d4038
00f9fd94 , 00daff6c>e2800d80


00f9fd9c , 00daff9c>e92d4010
00f9fda0 , 00db0004>e92d4038
00f9fda4 , 00db0050>e2800d80


00f9fdac , 00db9d70>e92d4010
00f9fdb0 , 00d35e48>e3a0000e
00f9fdb4 , 00d7c14c>e3a00000


00f9fdbc , 00db9e40>e92d4010
00f9fdc0 , 00d35e48>e3a0000e
00f9fdc4 , 00d7c14c>e3a00000


00f9fdcc , 00db9f64>e92d4010
00f9fdd0 , 00d35e48>e3a0000e
00f9fdd4 , 00d7c14c>e3a00000


00f9fddc , 00dba1b0>e92d4010
00f9fde0 , 00d35e48>e3a0000e
00f9fde4 , 00d7c14c>e3a00000


00f9fdec , 00dba2d4>e92d4010
00f9fdf0 , 00d35e48>e3a0000e
00f9fdf4 , 00d7c14c>e3a00000


00f9fdfc , 00dba520>e92d4038
00f9fe00 , 00d35e48>e3a0000e
00f9fe04 , 00d7c14c>e3a00000


00f9fe0c , 00dba7c4>e92d4038
00f9fe10 , 00d35e48>e3a0000e
00f9fe14 , 00d7c14c>e3a00000


00f9fe1c , 00dbacac>e92d4038
00f9fe20 , 00d35e48>e3a0000e
00f9fe24 , 00d7c14c>e3a00000


00f9fe2c , 00dbaf30>e92d4038
00f9fe30 , 00d35e48>e3a0000e
00f9fe34 , 00d7c14c>e3a00000


00f9fe3c , 00dbff20>e92d4070
00f9fe40 , 00dc00b8>e92d4070
00f9fe44 , 00dc0154>e1a03000


00f9fe4c , 00dc01e4>e92d4070
00f9fe50 , 00dc037c>e92d4070
00f9fe54 , 00dc0418>e1a03000


00f9fe5c , 00dbb418>e92d4010
00f9fe60 , 00d35e48>e3a0000e
00f9fe64 , 00d7c14c>e3a00000


00f9fe6c , 00dbb540>e92d4010
00f9fe70 , 00d35e48>e3a0000e
00f9fe74 , 00d7c14c>e3a00000


00f9fe7c , 00dbb790>e92d4010
00f9fe80 , 00d35e48>e3a0000e
00f9fe84 , 00d7c14c>e3a00000


00f9fe8c , 00dbb864>e92d4010
00f9fe90 , 00d35e48>e3a0000e
00f9fe94 , 00d7c14c>e3a00000


00f9fe9c , 00db0080>e92d4010
00f9fea0 , 00db01c0>e92d4010
00f9fea4 , 00db0264>e1a02000


00f9feac , 00db0334>e92d4010
00f9feb0 , 00db0474>e92d4010
00f9feb4 , 00db0518>e1a02000


00f9febc , 00db05dc>e92d4010
00f9fec0 , 00db071c>e92d4010
00f9fec4 , 00db07c8>e1a02000


00f9fecc , 00db4a08>e5912020
00f9fed0 , 00db4a94>e92d4038
00f9fed4 , 00db4b08>e1a02000


00f9fedc , 00db4b6c>e2800db0
00f9fee0 , 00db4c08>e92d4010
00f9fee4 , 00db4cac>e1a02000


00f9feec , 00db4d78>e5912020
00f9fef0 , 00db4e04>e92d4038
00f9fef4 , 00db4e78>e1a02000


00f9fefc , 00dbba0c>e92d4010
00f9ff00 , 00d35e48>e3a0000e
00f9ff04 , 00d7c14c>e3a00000


00f9ff0c , 00dbe190>e92d4010
00f9ff10 , 00dbe2b4>e92d4038
00f9ff14 , 00dbe32c>e5911014


00f9ff1c , 00dbbb34>e92d4010
00f9ff20 , 00d35e48>e3a0000e
00f9ff24 , 00d7c14c>e3a00000


00f9ff2c , 00dbbc5c>e92d4010
00f9ff30 , 00d35e48>e3a0000e
00f9ff34 , 00d7c14c>e3a00000


00f9ff3c , 00dbdc18>e92d4010
00f9ff40 , 00dbdd58>e92d4010
00f9ff44 , 00dbde04>e1a02000


00f9ff4c , 00dbded4>e92d4010
00f9ff50 , 00dbe014>e92d4010
00f9ff54 , 00dbe0c8>e1a02000


00f9ff5c , 00db0890>e92d4010
00f9ff60 , 00db08f8>e92d4038
00f9ff64 , 00db0944>e2800d80


00f9ff6c , 00da5004>e92d4010
00f9ff70 , 00da5144>e92d4010
00f9ff74 , 00da51f0>e1a02000


00f9ff7c , 00da52b8>e92d4010
00f9ff80 , 00da53f8>e92d4010
00f9ff84 , 00da549c>e1a02000


00f9ff8c , 00da5564>e92d4010
00f9ff90 , 00da56a4>e92d4010
00f9ff94 , 00da5750>e1a02000


00f9ff9c , 00da5e2c>e92d4010
00f9ffa0 , 00da5f6c>e92d4010
00f9ffa4 , 00da6018>e1a02000


00f9ffac , 00db8088>e92d4010
00f9ffb0 , 00d35e48>e3a0000e
00f9ffb4 , 00d7c14c>e3a00000


00f9ffbc , 00db81b0>e92d4010
00f9ffc0 , 00d35e48>e3a0000e
00f9ffc4 , 00d7c14c>e3a00000


00f9ffcc , 00da7948>e92d4010
00f9ffd0 , 00da79b0>e92d4038
00f9ffd4 , 00da79f8>e5911014


00f9ffdc , 00dbd15c>e92d4010
00f9ffe0 , 00dbd29c>e92d4010
00f9ffe4 , 00dbd348>e1a02000


00f9ffec , 00dbd410>e92d4010
00f9fff0 , 00dbd550>e92d4010
00f9fff4 , 00dbd604>e1a02000


00f9fffc , 00da7a24>e92d4010
00fa0000 , 00da7b64>e92d4010
00fa0004 , 00da7c10>e1a02000


00fa000c , 00da8234>e92d4010
00fa0010 , 00da8374>e92d4010
00fa0014 , 00da8418>e1a02000


00fa001c , 00da8cec>e92d4010
00fa0020 , 00da8e2c>e92d4010
00fa0024 , 00da8ed0>e1a02000


00fa002c , 00da8f7c>e92d4010
00fa0030 , 00da90bc>e92d4010
00fa0034 , 00da9168>e1a02000


00fa003c , 00da9230>e92d4010
00fa0040 , 00da9370>e92d4010
00fa0044 , 00da9414>e1a02000


00fa004c , 00daafc0>e92d4010
00fa0050 , 00dab100>e92d4010
00fa0054 , 00dab1ac>e1a02000


00fa005c , 00dab274>e92d4010
00fa0060 , 00dab36c>e92d4038
00fa0064 , 00dab3c0>e2800d80


00fa006c , 00dab3ec>e92d4010
00fa0070 , 00dab52c>e92d4010
00fa0074 , 00dab5d0>e1a02000


00fa007c , 00dab678>e92d4010
00fa0080 , 00dab7b8>e92d4010
00fa0084 , 00dab85c>e1a02000


00fa008c , 00dbd97c>e92d4010
00fa0090 , 00dbdabc>e92d4010
00fa0094 , 00dbdb70>e1a02000


00fa009c , 00daf178>e92d4010
00fa00a0 , 00daf2b8>e92d4010
00fa00a4 , 00daf364>e1a02000


00fa00ac , 00daf6d4>e92d4010
00fa00b0 , 00daf73c>e92d4038
00fa00b4 , 00daf788>e5911014


00fa00bc , 00daf42c>e92d4010
00fa00c0 , 00daf56c>e92d4010
00fa00c4 , 00daf610>e1a02000


00fa00cc , 00dba088>e92d4010
00fa00d0 , 00d35e48>e3a0000e
00fa00d4 , 00d7c14c>e3a00000


00fa00dc , 00dba3f8>e92d4010
00fa00e0 , 00d35e48>e3a0000e
00fa00e4 , 00d7c14c>e3a00000


00fa00ec , 00dbaa28>e92d4038
00fa00f0 , 00d35e48>e3a0000e
00fa00f4 , 00d7c14c>e3a00000


00fa00fc , 00dbb1b4>e92d4038
00fa0100 , 00d35e48>e3a0000e
00fa0104 , 00d7c14c>e3a00000


00fa010c , 00dc04a8>e92d4070
00fa0110 , 00dc0640>e92d4070
00fa0114 , 00dc06dc>e1a03000


00fa011c , 00dbb668>e92d4010
00fa0120 , 00d35e48>e3a0000e
00fa0124 , 00d7c14c>e3a00000


00fa012c , 00dbb938>e92d4010
00fa0130 , 00d35e48>e3a0000e
00fa0134 , 00d7c14c>e3a00000


00fa013c , 00dbbd84>e92d4010
00fa0140 , 00d35e48>e3a0000e
00fa0144 , 00d7c14c>e3a00000


00fa014c , 00dbbeac>e92d4010
00fa0150 , 00d35e48>e3a0000e
00fa0154 , 00d7c14c>e3a00000


00fa015c , 00d7c3a0>e2800fc0
00fa0160 , 00d7c2cc>e92d40f8
00fa0164 , 00d7c14c>e3a00000


00fa016c , 00d978f4>e92d4010
00fa0170 , 00d9795c>e92d4038
00fa0174 , 00d979a8>e2800d80


00fa017c , 00d979d8>e92d4010
00fa0180 , 00d97afc>e92d4038
00fa0184 , 00d97b70>e1a02000


00fa018c , 00d85568>e92d4038
00fa0190 , 00d7ece4>e92d4038
00fa0194 , 00d7c14c>e3a00000


00fa019c , 00d97cb8>e92d4010
00fa01a0 , 00d97d20>e92d4038
00fa01a4 , 00d97d6c>e2800d80


00fa01ac , 00d97d9c>e92d4010
00fa01b0 , 00d97e04>e92d4038
00fa01b4 , 00d97e50>e3a02f92


00fa01bc , 00d97e90>e92d4010
00fa01c0 , 00d97fd0>e92d4010
00fa01c4 , 00d98080>e1a02000


00fa01cc , 00d8492c>e92d4038
00fa01d0 , 00d7cf70>e92d4070
00fa01d4 , 00d7c14c>e3a00000


00fa01dc , 00d8492c>e92d4038
00fa01e0 , 00d7cf70>e92d4070
00fa01e4 , 00d7c14c>e3a00000


00fa01ec , 00d986bc>e92d4010
00fa01f0 , 00d987fc>e92d4010
00fa01f4 , 00d988a0>e1a02000


00fa01fc , 00d98964>e92d4010
00fa0200 , 00d98aa4>e92d4010
00fa0204 , 00d98b50>e1a02000


00fa020c , 00d98c18>e92d4010
00fa0210 , 00d98c80>e92d4038
00fa0214 , 00d98ccc>e5911014


00fa021c , 00d98cf8>e92d4010
00fa0220 , 00d98e38>e92d4010
00fa0224 , 00d98edc>e1a02000


00fa022c , 00d98fac>e92d4010
00fa0230 , 00d990ec>e92d4010
00fa0234 , 00d99190>e1a02000


00fa023c , 00d99254>e92d4010
00fa0240 , 00d99394>e92d4010
00fa0244 , 00d99440>e1a02000


00fa024c , 00d99508>e92d4010
00fa0250 , 00d99648>e92d4010
00fa0254 , 00d996ec>e1a02000


00fa025c , 00d997c4>e92d4010
00fa0260 , 00d99904>e92d4010
00fa0264 , 00d999b4>e1a02000


00fa026c , 00d99a90>e92d4010
00fa0270 , 00d99b64>e92d4038
00fa0274 , 00d99bc8>e5911014


00fa027c , 00d8492c>e92d4038
00fa0280 , 00d7cf70>e92d4070
00fa0284 , 00d7c14c>e3a00000


00fa028c , 00d8492c>e92d4038
00fa0290 , 00d7cf70>e92d4070
00fa0294 , 00d7c14c>e3a00000


00fa029c , 00d9a1a0>e92d4010
00fa02a0 , 00d9a2e0>e92d4010
00fa02a4 , 00d9a38c>e1a02000


00fa02ac , 00d9a454>e92d4010
00fa02b0 , 00d9a594>e92d4010
00fa02b4 , 00d9a638>e1a02000


00fa02bc , 00d9ac58>e92d4010
00fa02c0 , 00d9ad98>e92d4010
00fa02c4 , 00d9ae44>e1a02000


00fa02cc , 00d8492c>e92d4038
00fa02d0 , 00d7cf70>e92d4070
00fa02d4 , 00d7c14c>e3a00000


00fa02dc , 00d8492c>e92d4038
00fa02e0 , 00d7cf70>e92d4070
00fa02e4 , 00d7c14c>e3a00000


00fa02ec , 00d9b498>e92d4010
00fa02f0 , 00d9b5d8>e92d4010
00fa02f4 , 00d9b67c>e1a02000


00fa02fc , 00d9b740>e92d4010
00fa0300 , 00d9b880>e92d4010
00fa0304 , 00d9b92c>e1a02000


00fa030c , 00d9bad4>e92d4010
00fa0310 , 00d9bc14>e92d4010
00fa0314 , 00d9bcb8>e1a02000


00fa031c , 00d9bd84>e92d4010
00fa0320 , 00d9bec4>e92d4010
00fa0324 , 00d9bf68>e1a02000


00fa032c , 00d9c048>e92d4010
00fa0330 , 00d9c188>e92d4010
00fa0334 , 00d9c234>e1a02000


00fa033c , 00d9c30c>e92d4010
00fa0340 , 00d9c44c>e92d4010
00fa0344 , 00d9c4f0>e1a02000


00fa034c , 00d9c5b8>e92d4010
00fa0350 , 00d9c6f8>e92d4010
00fa0354 , 00d9c7a4>e1a02000


00fa035c , 00d9c87c>e92d4010
00fa0360 , 00d9c9bc>e92d4010
00fa0364 , 00d9ca60>e1a02000


00fa036c , 00d9cb3c>e92d4010
00fa0370 , 00d9cc7c>e92d4010
00fa0374 , 00d9cd28>e1a02000


00fa037c , 00d9cdec>e92d4010
00fa0380 , 00d9cf2c>e92d4010
00fa0384 , 00d9cfd0>e1a02000


00fa038c , 00d9d0ac>e92d4010
00fa0390 , 00d9d1ec>e92d4010
00fa0394 , 00d9d298>e1a02000


00fa039c , 00d9d370>e92d4010
00fa03a0 , 00d9d4b0>e92d4010
00fa03a4 , 00d9d554>e1a02000


00fa03ac , 00d9d634>e92d4010
00fa03b0 , 00d9d774>e92d4010
00fa03b4 , 00d9d820>e1a02000


00fa03bc , 00d9d8f8>e92d4010
00fa03c0 , 00d9da38>e92d4010
00fa03c4 , 00d9dadc>e1a02000


00fa03cc , 00d9dbb8>e92d4010
00fa03d0 , 00d9dcf8>e92d4010
00fa03d4 , 00d9dda4>e1a02000


00fa03dc , 00dc24d4>e92d4010
00fa03e0 , 00dc2614>e92d4010
00fa03e4 , 00dc26b8>e1a02000


00fa03ec , 00db53e0>e92d4010
00fa03f0 , 00db5450>e92d4008
00fa03f4 , 00db5490>e1a02000


00fa03fc , 00db54c8>e92d4010
00fa0400 , 00db55f4>e92d4008
00fa0404 , 00db565c>e1a02000


00fa040c , 00db56c4>e92d4010
00fa0410 , 00db57f0>e92d4008
00fa0414 , 00db5858>e1a02000


00fa041c , 00db58c0>e92d4010
00fa0420 , 00db5930>e92d4008
00fa0424 , 00db5970>e1a02000


00fa042c , 00db59a8>e92d4010
00fa0430 , 00db5aec>e92d4008
00fa0434 , 00db5b90>e1a02000


00fa043c , 00db5c5c>e92d4010
00fa0440 , 00db5ccc>e92d4008
00fa0444 , 00db5d0c>e1a02000


00fa044c , 00db5d44>e2800db0
00fa0450 , 00db5de0>e92d4008
00fa0454 , 00db5e7c>e1a02000


00fa045c , 00db5f44>e92d4010
00fa0460 , 00db5fb4>e92d4008
00fa0464 , 00db5ff4>e1a02000


00fa046c , 00dc285c>e92d4010
00fa0470 , 00d35e48>e3a0000e
00fa0474 , 00d7c14c>e3a00000


00fa047c , 00dc279c>e92d4010
00fa0480 , 00d35e48>e3a0000e
00fa0484 , 00d7c14c>e3a00000


00fa048c , 00db6278>e92d4010
00fa0490 , 00d35e48>e3a0000e
00fa0494 , 00d7c14c>e3a00000


00fa049c , 00d9e2b8>e92d4010
00fa04a0 , 00d9e320>e92d4038
00fa04a4 , 00d9e36c>e2800d80


00fa04ac , 00d9e39c>e92d4010
00fa04b0 , 00d9e404>e92d4038
00fa04b4 , 00d9e450>e2800d80


00fa04bc , 00d9e480>e92d4010
00fa04c0 , 00d9e4e8>e92d4070
00fa04c4 , 00d9e55c>e3a02ea5


00fa04cc , 00d9e59c>e92d4010
00fa04d0 , 00d9e604>e92d4038
00fa04d4 , 00d9e650>e2800d80


00fa04dc , 00d9e67c>e92d4010
00fa04e0 , 00d9e7a0>e92d4038
00fa04e4 , 00d9e814>e1a02000


00fa04ec , 00d9e878>e92d4010
00fa04f0 , 00d9e99c>e92d4038
00fa04f4 , 00d9ea10>e1a02000


00fa04fc , 00d9ea74>e92d4010
00fa0500 , 00d9eb98>e92d4038
00fa0504 , 00d9ec0c>e1a02000


00fa050c , 00d9ec70>e92d4010
00fa0510 , 00d9edb0>e92d4010
00fa0514 , 00d9ee5c>e1a02000


00fa051c , 00d9ef28>e92d4010
00fa0520 , 00d9ef90>e92d4038
00fa0524 , 00d9efdc>e5911014


00fa052c , 00d9f014>e92d4010
00fa0530 , 00d9f07c>e92d4038
00fa0534 , 00d9f0c8>e2800d80


00fa053c , 00d9f0f4>e92d4010
00fa0540 , 00d9f234>e92d4010
00fa0544 , 00d9f2e0>e1a02000


00fa054c , 00d9f380>e92d4010
00fa0550 , 00d9f4c0>e92d4010
00fa0554 , 00d9f564>e1a02000


00fa055c , 00d9f604>e92d4010
00fa0560 , 00d9f744>e92d4010
00fa0564 , 00d9f7f0>e1a02000


00fa056c , 00d9f890>e92d4010
00fa0570 , 00d9f9d0>e92d4010
00fa0574 , 00d9fa74>e1a02000


00fa057c , 00da0160>e92d4010
00fa0580 , 00da02a0>e92d4010
00fa0584 , 00da034c>e1a02000


00fa058c , 00da0414>e92d4010
00fa0590 , 00da0554>e92d4010
00fa0594 , 00da05f8>e1a02000


00fa059c , 00dc28bc>e92d4010
00fa05a0 , 00d35e48>e3a0000e
00fa05a4 , 00d7c14c>e3a00000


00fa05ac , 00dc27fc>e92d4010
00fa05b0 , 00d35e48>e3a0000e
00fa05b4 , 00d7c14c>e3a00000


00fa05bc , 00db63a0>e92d4010
00fa05c0 , 00d35e48>e3a0000e
00fa05c4 , 00d7c14c>e3a00000


00fa05cc , 00da0788>e92d4010
00fa05d0 , 00da07f0>e92d4038
00fa05d4 , 00da083c>e2800d80


00fa05dc , 00da086c>e92d4010
00fa05e0 , 00da08d4>e92d4038
00fa05e4 , 00da0920>e2800d80


00fa05ec , 00da0950>e92d4010
00fa05f0 , 00da09b8>e92d4070
00fa05f4 , 00da0a2c>e3a02ea5


00fa05fc , 00da0a6c>e92d4010
00fa0600 , 00da0ad4>e92d4038
00fa0604 , 00da0b20>e2800d80


00fa060c , 00da0b4c>e92d4010
00fa0610 , 00da0c70>e92d4038
00fa0614 , 00da0ce4>e1a02000


00fa061c , 00da0d48>e92d4010
00fa0620 , 00da0e6c>e92d4038
00fa0624 , 00da0ee0>e1a02000


00fa062c , 00da0f44>e92d4010
00fa0630 , 00da1068>e92d4038
00fa0634 , 00da10dc>e1a02000


00fa063c , 00da1140>e92d4010
00fa0640 , 00da1284>e92d4010
00fa0644 , 00da1330>e1a02000


00fa064c , 00da13fc>e92d4010
00fa0650 , 00da1464>e92d4038
00fa0654 , 00da14b0>e5911014


00fa065c , 00da14e8>e92d4010
00fa0660 , 00da1550>e92d4038
00fa0664 , 00da159c>e2800d80


00fa066c , 00da15c8>e92d4010
00fa0670 , 00da1708>e92d4010
00fa0674 , 00da17b4>e1a02000


00fa067c , 00da1854>e92d4010
00fa0680 , 00da1994>e92d4010
00fa0684 , 00da1a38>e1a02000


00fa068c , 00da1ad8>e92d4010
00fa0690 , 00da1c18>e92d4010
00fa0694 , 00da1cc4>e1a02000


00fa069c , 00da1d64>e92d4010
00fa06a0 , 00da1ea4>e92d4010
00fa06a4 , 00da1f48>e1a02000


00fa06ac , 00da2634>e92d4010
00fa06b0 , 00da2774>e92d4010
00fa06b4 , 00da2820>e1a02000


00fa06bc , 00da28e8>e92d4010
00fa06c0 , 00da2a28>e92d4010
00fa06c4 , 00da2acc>e1a02000


00fa06cc , 00dc076c>e92d4070
00fa06d0 , 00dc0a28>e92d4018
00fa06d4 , 00dc0b04>e92d4008


00fa06dc , 00d9a6fc>e92d4010
00fa06e0 , 00d9a83c>e92d4010
00fa06e4 , 00d9a8e8>e1a02000


00fa06ec , 00d9a9b0>e92d4010
00fa06f0 , 00d9aaf0>e92d4010
00fa06f4 , 00d9ab94>e1a02000


00fa06fc , 00d9b9f4>e92d4010
00fa0700 , 00d9ba5c>e92d4038
00fa0704 , 00d9baa8>e5911014


00fa070c , 00db23a0>e5912020
00fa0710 , 00db23f4>e1a03000
00fa0714 , 00db2434>e5910014


00fa071c , 00db246c>e5912020
00fa0720 , 00db24c0>e1a03000
00fa0724 , 00db2500>e5910014


00fa072c , 00db2538>e2800da0
00fa0730 , 00db25d4>e92d4008
00fa0734 , 00db2658>e5910014


00fa073c , 00d9fb3c>e92d4010
00fa0740 , 00d9fba4>e92d4038
00fa0744 , 00d9fbf0>e2800d80


00fa074c , 00d9fc1c>e92d4010
00fa0750 , 00d9fd5c>e92d4010
00fa0754 , 00d9fe08>e1a02000


00fa075c , 00d9fea8>e92d4010
00fa0760 , 00d9ff7c>e92d4038
00fa0764 , 00d9ffe0>e5911014


00fa076c , 00da0004>e92d4010
00fa0770 , 00da00d8>e92d4038
00fa0774 , 00da013c>e5911014


00fa077c , 00da06bc>e92d4010
00fa0780 , 00da0724>e92d4038
00fa0784 , 00da0770>e2800d80


00fa078c , 00da2010>e92d4010
00fa0790 , 00da2078>e92d4038
00fa0794 , 00da20c4>e2800d80


00fa079c , 00da20f0>e92d4010
00fa07a0 , 00da2230>e92d4010
00fa07a4 , 00da22dc>e1a02000


00fa07ac , 00da237c>e92d4010
00fa07b0 , 00da2450>e92d4038
00fa07b4 , 00da24b4>e5911014


00fa07bc , 00da24d8>e92d4010
00fa07c0 , 00da25ac>e92d4038
00fa07c4 , 00da2610>e5911014


00fa07cc , 00da2b90>e92d4010
00fa07d0 , 00da2bf8>e92d4038
00fa07d4 , 00da2c44>e2800d80
00fa07d8 , 00d35290>e3a00014


00fa1a78 , 00e04a7c>e92d4070
00fa1a7c , 00e045b8>e92d4038
00fa1a80 , 00e04b64>e3a00000
00fa1a84 , 00e03a90>e3a00000
00fa1a88 , 00e04b6c>e92d40f0
00fa1a8c , 00e03d98>e92d4bf0
00fa1a90 , 00e04b6c>e92d40f0
00fa1a94 , 00e03d98>e92d4bf0
00fa1a98 , 00e04ec8>e3a00000
00fa1a9c , 00e04674>e3a00000
00fa1aa0 , 00e04ec8>e3a00000
00fa1aa4 , 00e04674>e3a00000
00fa1aa8 , 00e0507c>eafffeba
00fa1aac , 00e04a78>eafffcc6
00fa1ab0 , 00e04ed0>e92d4070
00fa1ab4 , 00e04828>e92d43f0
00fa1ab8 , 00e04ec8>e3a00000
00fa1abc , 00e04674>e3a00000
00fa1ac0 , 00e05078>eaffff94
00fa1ac4 , 00e04a74>eaffff6b


00fa2950 , 00fa2960>65206f6e
00fa2954 , 00fa2969>20746f6e
00fa2958 , 00fa2979>61766e69
00fa295c , 00fa2987>6d657270


00fa8680 , 00ff00ff>
00fa8684 , 00ff00ff>
00fa8688 , 00ff00ff>
00fa868c , 00ff00ff>


00fa86a8 , 00ff00ff>
00fa86ac , 00ff00ff>
00fa86b0 , 00ff00ff>
00fa86b4 , 00ff00ff>
00fa86b8 , 00ff00ff>
00fa86bc , 00ff00ff>
00fa86c0 , 00ff00ff>
00fa86c4 , 00ff00ff>


00fa86f0 , 00ff00ff>
00fa86f4 , 00ff00ff>
00fa86f8 , 00ff00ff>
00fa86fc , 00ff00ff>
00fa8700 , 00ff00ff>
00fa8704 , 00ff00ff>
00fa8708 , 00ff00ff>
00fa870c , 00ff00ff>
00fa8710 , 00ff00ff>
00fa8714 , 00ff00ff>
00fa8718 , 00ff00ff>
00fa871c , 00ff00ff>
00fa8720 , 00ff00ff>
00fa8724 , 00ff00ff>
00fa8728 , 00ff00ff>
00fa872c , 00ff00ff>


00fa877c , 00ff00ff>
00fa8780 , 00ff00ff>
00fa8784 , 00ff00ff>
00fa8788 , 00ff00ff>
00fa878c , 00ff00ff>
00fa8790 , 00ff00ff>
00fa8794 , 00ff00ff>
00fa8798 , 00ff00ff>
00fa879c , 00ff00ff>
00fa87a0 , 00ff00ff>
00fa87a4 , 00ff00ff>
00fa87a8 , 00ff00ff>
00fa87ac , 00ff00ff>
00fa87b0 , 00ff00ff>
00fa87b4 , 00ff00ff>
00fa87b8 , 00ff00ff>
00fa87bc , 00ff00ff>
00fa87c0 , 00ff00ff>
00fa87c4 , 00ff00ff>
00fa87c8 , 00ff00ff>
00fa87cc , 00ff00ff>
00fa87d0 , 00ff00ff>
00fa87d4 , 00ff00ff>
00fa87d8 , 00ff00ff>
00fa87dc , 00ff00ff>
00fa87e0 , 00ff00ff>
00fa87e4 , 00ff00ff>
00fa87e8 , 00ff00ff>
00fa87ec , 00ff00ff>
00fa87f0 , 00ff00ff>
00fa87f4 , 00ff00ff>
00fa87f8 , 00ff00ff>


00facc9c , 00d00000>ea092f67
00facca0 , 00face14>e59ff3f8
00facca4 , 00fad150>e3a00003


00face34 , 00f4ca84>e3a01000
00face38 , 00f4ca8c>e3a01001
00face3c , 00f4ca94>e3a01002
00face40 , 00f4ca9c>e3a01003
00face44 , 00f4caa4>e3a01004
00face48 , 00f4caac>e3a01005
00face4c , 00f4cab4>e3a01006
00face50 , 00f4cabc>e3a01007
00face54 , 00f4cac4>e3a01008
00face58 , 00f4cacc>e3a01009
00face5c , 00f4cad4>e3a0100a
00face60 , 00f4cadc>e3a0100b
00face64 , 00f4cae4>e3a0100c
00face68 , 00f4caec>e3a0100d
00face6c , 00f4caf4>e3a0100e
00face70 , 00f4cafc>e3a0100f
00face74 , 00f4cb04>e3a01010
00face78 , 00f4cb0c>e3a01011
00face7c , 00f4cb14>e3a01012
00face80 , 00f4cb1c>e3a01013
00face84 , 00f4cb24>e3a01014
00face88 , 00f4cb2c>e3a01015
00face8c , 00f4cb34>e3a01016
00face90 , 00f4cb3c>e3a01017
00face94 , 00f4cb44>e3a01018
00face98 , 00f4cb4c>e3a01019
00face9c , 00f4cb54>e3a0101a
00facea0 , 00f4cb5c>e3a0101b
00facea4 , 00f4cb64>e3a0101c
00facea8 , 00f4cb6c>e3a0101d
00faceac , 00f4cb74>e3a0101e
00faceb0 , 00f4cb7c>e3a0101f
00faceb4 , 00f4cb84>e3a01020
00faceb8 , 00f4cb8c>e3a01021
00facebc , 00f4cb94>e3a01022
00facec0 , 00f4cb9c>e3a01023
00facec4 , 00f4cba4>e3a01024
00facec8 , 00f4cbac>e3a01025
00facecc , 00f4cbb4>e3a01026
00faced0 , 00f4cbbc>e3a01027
00faced4 , 00f4cbc4>e3a01028
00faced8 , 00f4cbcc>e3a01029
00facedc , 00f4cbd4>e3a0102a
00facee0 , 00f4cbdc>e3a0102b
00facee4 , 00f4cbe4>e3a0102c
00facee8 , 00f4cbec>e3a0102d
00faceec , 00f4cbf4>e3a0102e
00facef0 , 00f4cbfc>e3a0102f
00facef4 , 00f4cc04>e3a01030
00facef8 , 00f4cc0c>e3a01031
00facefc , 00f4cc14>e3a01032
00facf00 , 00f4cc1c>e3a01033
00facf04 , 00f4cc24>e3a01034
00facf08 , 00f4cc2c>e3a01035
00facf0c , 00f4cc34>e3a01036
00facf10 , 00f4cc3c>e3a01037
00facf14 , 00f4cc44>e3a01038
00facf18 , 00f4cc4c>e3a01039
00facf1c , 00f4cc54>e3a0103a
00facf20 , 00f4cc5c>e3a0103b
00facf24 , 00f4cc64>e3a0103c
00facf28 , 00f4cc6c>e3a0103d
00facf2c , 00f4cc74>e3a0103e
00facf30 , 00f4cc7c>e3a0103f
00facf34 , 00f4cc84>e3a01040
00facf38 , 00f4cc8c>e3a01041
00facf3c , 00f4cc94>e3a01042
00facf40 , 00f4cc9c>e3a01043
00facf44 , 00f4cca4>e3a01044
00facf48 , 00f4ccac>e3a01045
00facf4c , 00f4ccb4>e3a01046
00facf50 , 00f4ccbc>e3a01047
00facf54 , 00f4ccc4>e3a01048
00facf58 , 00f4cccc>e3a01049
00facf5c , 00f4ccd4>e3a0104a
00facf60 , 00f4ccdc>e3a0104b
00facf64 , 00f4cce4>e3a0104c
00facf68 , 00f4ccec>e3a0104d
00facf6c , 00f4ccf4>e3a0104e


